"campaignid","opcode","family","genus","species","count","latitude_dd","longitude_dd","date_time","site","location","status","depth_m","successful_count","successful_length","observer_count","observer_length","inclusion_probability","visibility_m"
"2024_fish","1","Apogonidae","Ostorhinchus","rueppellii",0,-35.037,117.893,"2024-04-26T12:38:00+08:00",NA,NA,"Fished","11.4","Yes","Yes","Joshua","Annika",NA,NA
"2024_fish","1","Carangidae","Pseudocaranx","georgianus",0,-35.037,117.893,"2024-04-26T12:38:00+08:00",NA,NA,"Fished","11.4","Yes","Yes","Joshua","Annika",NA,NA
"2024_fish","1","Carangidae","Pseudocaranx","wrighti",0,-35.037,117.893,"2024-04-26T12:38:00+08:00",NA,NA,"Fished","11.4","Yes","Yes","Joshua","Annika",NA,NA
"2024_fish","1","Labridae","Haletta","semifasciata",0,-35.037,117.893,"2024-04-26T12:38:00+08:00",NA,NA,"Fished","11.4","Yes","Yes","Joshua","Annika",NA,NA
"2024_fish","1","Labridae","Halichoeres","brownfieldi",0,-35.037,117.893,"2024-04-26T12:38:00+08:00",NA,NA,"Fished","11.4","Yes","Yes","Joshua","Annika",NA,NA
"2024_fish","1","Labridae","Neoodax","balteatus",0,-35.037,117.893,"2024-04-26T12:38:00+08:00",NA,NA,"Fished","11.4","Yes","Yes","Joshua","Annika",NA,NA
"2024_fish","1","Labridae","Notolabrus","parilus",0,-35.037,117.893,"2024-04-26T12:38:00+08:00",NA,NA,"Fished","11.4","Yes","Yes","Joshua","Annika",NA,NA
"2024_fish","1","Labridae","Unknown","spp",0,-35.037,117.893,"2024-04-26T12:38:00+08:00",NA,NA,"Fished","11.4","Yes","Yes","Joshua","Annika",NA,NA
"2024_fish","1","Monacanthidae","Acanthaluteres","spilomelanurus",0,-35.037,117.893,"2024-04-26T12:38:00+08:00",NA,NA,"Fished","11.4","Yes","Yes","Joshua","Annika",NA,NA
"2024_fish","1","Pinguipedidae","Parapercis","haackei",0,-35.037,117.893,"2024-04-26T12:38:00+08:00",NA,NA,"Fished","11.4","Yes","Yes","Joshua","Annika",NA,NA
"2024_fish","1","Sillaginidae","Sillaginodes","punctatus",0,-35.037,117.893,"2024-04-26T12:38:00+08:00",NA,NA,"Fished","11.4","Yes","Yes","Joshua","Annika",NA,NA
"2024_fish","1","Sparidae","Acanthopagrus","butcheri",0,-35.037,117.893,"2024-04-26T12:38:00+08:00",NA,NA,"Fished","11.4","Yes","Yes","Joshua","Annika",NA,NA
"2024_fish","1","Sphyraenidae","Sphyraena","novaehollandiae",0,-35.037,117.893,"2024-04-26T12:38:00+08:00",NA,NA,"Fished","11.4","Yes","Yes","Joshua","Annika",NA,NA
"2024_fish","1","Syngnathidae","Stigmatopora","argus",0,-35.037,117.893,"2024-04-26T12:38:00+08:00",NA,NA,"Fished","11.4","Yes","Yes","Joshua","Annika",NA,NA
"2024_fish","1","Terapontidae","Pelates","quadrilineatus",0,-35.037,117.893,"2024-04-26T12:38:00+08:00",NA,NA,"Fished","11.4","Yes","Yes","Joshua","Annika",NA,NA
"2024_fish","11","Apogonidae","Ostorhinchus","rueppellii",0,-35.054,117.872,"2024-04-25T12:02:00+08:00",NA,NA,"Fished","1.7","Yes","Yes","Michele","Joshua",NA,NA
"2024_fish","11","Carangidae","Pseudocaranx","georgianus",0,-35.054,117.872,"2024-04-25T12:02:00+08:00",NA,NA,"Fished","1.7","Yes","Yes","Michele","Joshua",NA,NA
"2024_fish","11","Carangidae","Pseudocaranx","wrighti",0,-35.054,117.872,"2024-04-25T12:02:00+08:00",NA,NA,"Fished","1.7","Yes","Yes","Michele","Joshua",NA,NA
"2024_fish","11","Labridae","Haletta","semifasciata",0,-35.054,117.872,"2024-04-25T12:02:00+08:00",NA,NA,"Fished","1.7","Yes","Yes","Michele","Joshua",NA,NA
"2024_fish","11","Labridae","Halichoeres","brownfieldi",0,-35.054,117.872,"2024-04-25T12:02:00+08:00",NA,NA,"Fished","1.7","Yes","Yes","Michele","Joshua",NA,NA
"2024_fish","11","Labridae","Neoodax","balteatus",2,-35.054,117.872,"2024-04-25T12:02:00+08:00",NA,NA,"Fished","1.7","Yes","Yes","Michele","Joshua",NA,NA
"2024_fish","11","Labridae","Notolabrus","parilus",0,-35.054,117.872,"2024-04-25T12:02:00+08:00",NA,NA,"Fished","1.7","Yes","Yes","Michele","Joshua",NA,NA
"2024_fish","11","Labridae","Unknown","spp",0,-35.054,117.872,"2024-04-25T12:02:00+08:00",NA,NA,"Fished","1.7","Yes","Yes","Michele","Joshua",NA,NA
"2024_fish","11","Monacanthidae","Acanthaluteres","spilomelanurus",0,-35.054,117.872,"2024-04-25T12:02:00+08:00",NA,NA,"Fished","1.7","Yes","Yes","Michele","Joshua",NA,NA
"2024_fish","11","Pinguipedidae","Parapercis","haackei",0,-35.054,117.872,"2024-04-25T12:02:00+08:00",NA,NA,"Fished","1.7","Yes","Yes","Michele","Joshua",NA,NA
"2024_fish","11","Sillaginidae","Sillaginodes","punctatus",4,-35.054,117.872,"2024-04-25T12:02:00+08:00",NA,NA,"Fished","1.7","Yes","Yes","Michele","Joshua",NA,NA
"2024_fish","11","Sparidae","Acanthopagrus","butcheri",0,-35.054,117.872,"2024-04-25T12:02:00+08:00",NA,NA,"Fished","1.7","Yes","Yes","Michele","Joshua",NA,NA
"2024_fish","11","Sphyraenidae","Sphyraena","novaehollandiae",0,-35.054,117.872,"2024-04-25T12:02:00+08:00",NA,NA,"Fished","1.7","Yes","Yes","Michele","Joshua",NA,NA
"2024_fish","11","Syngnathidae","Stigmatopora","argus",0,-35.054,117.872,"2024-04-25T12:02:00+08:00",NA,NA,"Fished","1.7","Yes","Yes","Michele","Joshua",NA,NA
"2024_fish","11","Terapontidae","Pelates","quadrilineatus",1,-35.054,117.872,"2024-04-25T12:02:00+08:00",NA,NA,"Fished","1.7","Yes","Yes","Michele","Joshua",NA,NA
"2024_fish","15","Apogonidae","Ostorhinchus","rueppellii",0,-35.032,117.883,"2024-04-26T13:00:00+08:00",NA,NA,"Fished","5.4","Yes","Yes","Joshua","Annika",NA,NA
"2024_fish","15","Carangidae","Pseudocaranx","georgianus",0,-35.032,117.883,"2024-04-26T13:00:00+08:00",NA,NA,"Fished","5.4","Yes","Yes","Joshua","Annika",NA,NA
"2024_fish","15","Carangidae","Pseudocaranx","wrighti",0,-35.032,117.883,"2024-04-26T13:00:00+08:00",NA,NA,"Fished","5.4","Yes","Yes","Joshua","Annika",NA,NA
"2024_fish","15","Labridae","Haletta","semifasciata",0,-35.032,117.883,"2024-04-26T13:00:00+08:00",NA,NA,"Fished","5.4","Yes","Yes","Joshua","Annika",NA,NA
"2024_fish","15","Labridae","Halichoeres","brownfieldi",0,-35.032,117.883,"2024-04-26T13:00:00+08:00",NA,NA,"Fished","5.4","Yes","Yes","Joshua","Annika",NA,NA
"2024_fish","15","Labridae","Neoodax","balteatus",0,-35.032,117.883,"2024-04-26T13:00:00+08:00",NA,NA,"Fished","5.4","Yes","Yes","Joshua","Annika",NA,NA
"2024_fish","15","Labridae","Notolabrus","parilus",0,-35.032,117.883,"2024-04-26T13:00:00+08:00",NA,NA,"Fished","5.4","Yes","Yes","Joshua","Annika",NA,NA
"2024_fish","15","Labridae","Unknown","spp",0,-35.032,117.883,"2024-04-26T13:00:00+08:00",NA,NA,"Fished","5.4","Yes","Yes","Joshua","Annika",NA,NA
"2024_fish","15","Monacanthidae","Acanthaluteres","spilomelanurus",0,-35.032,117.883,"2024-04-26T13:00:00+08:00",NA,NA,"Fished","5.4","Yes","Yes","Joshua","Annika",NA,NA
"2024_fish","15","Pinguipedidae","Parapercis","haackei",0,-35.032,117.883,"2024-04-26T13:00:00+08:00",NA,NA,"Fished","5.4","Yes","Yes","Joshua","Annika",NA,NA
"2024_fish","15","Sillaginidae","Sillaginodes","punctatus",0,-35.032,117.883,"2024-04-26T13:00:00+08:00",NA,NA,"Fished","5.4","Yes","Yes","Joshua","Annika",NA,NA
"2024_fish","15","Sparidae","Acanthopagrus","butcheri",0,-35.032,117.883,"2024-04-26T13:00:00+08:00",NA,NA,"Fished","5.4","Yes","Yes","Joshua","Annika",NA,NA
"2024_fish","15","Sphyraenidae","Sphyraena","novaehollandiae",0,-35.032,117.883,"2024-04-26T13:00:00+08:00",NA,NA,"Fished","5.4","Yes","Yes","Joshua","Annika",NA,NA
"2024_fish","15","Syngnathidae","Stigmatopora","argus",0,-35.032,117.883,"2024-04-26T13:00:00+08:00",NA,NA,"Fished","5.4","Yes","Yes","Joshua","Annika",NA,NA
"2024_fish","15","Terapontidae","Pelates","quadrilineatus",0,-35.032,117.883,"2024-04-26T13:00:00+08:00",NA,NA,"Fished","5.4","Yes","Yes","Joshua","Annika",NA,NA
"2024_fish","17","Apogonidae","Ostorhinchus","rueppellii",0,-35.063,117.882,"2024-04-25T09:45:00+08:00",NA,NA,"Fished","3.1","Yes","Yes","Eden","Michele",NA,NA
"2024_fish","17","Carangidae","Pseudocaranx","georgianus",0,-35.063,117.882,"2024-04-25T09:45:00+08:00",NA,NA,"Fished","3.1","Yes","Yes","Eden","Michele",NA,NA
"2024_fish","17","Carangidae","Pseudocaranx","wrighti",0,-35.063,117.882,"2024-04-25T09:45:00+08:00",NA,NA,"Fished","3.1","Yes","Yes","Eden","Michele",NA,NA
"2024_fish","17","Labridae","Haletta","semifasciata",0,-35.063,117.882,"2024-04-25T09:45:00+08:00",NA,NA,"Fished","3.1","Yes","Yes","Eden","Michele",NA,NA
"2024_fish","17","Labridae","Halichoeres","brownfieldi",0,-35.063,117.882,"2024-04-25T09:45:00+08:00",NA,NA,"Fished","3.1","Yes","Yes","Eden","Michele",NA,NA
"2024_fish","17","Labridae","Neoodax","balteatus",11,-35.063,117.882,"2024-04-25T09:45:00+08:00",NA,NA,"Fished","3.1","Yes","Yes","Eden","Michele",NA,NA
"2024_fish","17","Labridae","Notolabrus","parilus",0,-35.063,117.882,"2024-04-25T09:45:00+08:00",NA,NA,"Fished","3.1","Yes","Yes","Eden","Michele",NA,NA
"2024_fish","17","Labridae","Unknown","spp",0,-35.063,117.882,"2024-04-25T09:45:00+08:00",NA,NA,"Fished","3.1","Yes","Yes","Eden","Michele",NA,NA
"2024_fish","17","Monacanthidae","Acanthaluteres","spilomelanurus",0,-35.063,117.882,"2024-04-25T09:45:00+08:00",NA,NA,"Fished","3.1","Yes","Yes","Eden","Michele",NA,NA
"2024_fish","17","Pinguipedidae","Parapercis","haackei",0,-35.063,117.882,"2024-04-25T09:45:00+08:00",NA,NA,"Fished","3.1","Yes","Yes","Eden","Michele",NA,NA
"2024_fish","17","Sillaginidae","Sillaginodes","punctatus",0,-35.063,117.882,"2024-04-25T09:45:00+08:00",NA,NA,"Fished","3.1","Yes","Yes","Eden","Michele",NA,NA
"2024_fish","17","Sparidae","Acanthopagrus","butcheri",0,-35.063,117.882,"2024-04-25T09:45:00+08:00",NA,NA,"Fished","3.1","Yes","Yes","Eden","Michele",NA,NA
"2024_fish","17","Sphyraenidae","Sphyraena","novaehollandiae",0,-35.063,117.882,"2024-04-25T09:45:00+08:00",NA,NA,"Fished","3.1","Yes","Yes","Eden","Michele",NA,NA
"2024_fish","17","Syngnathidae","Stigmatopora","argus",0,-35.063,117.882,"2024-04-25T09:45:00+08:00",NA,NA,"Fished","3.1","Yes","Yes","Eden","Michele",NA,NA
"2024_fish","17","Terapontidae","Pelates","quadrilineatus",0,-35.063,117.882,"2024-04-25T09:45:00+08:00",NA,NA,"Fished","3.1","Yes","Yes","Eden","Michele",NA,NA
"2024_fish","18","Apogonidae","Ostorhinchus","rueppellii",0,-35.067,117.882,"2024-04-25T09:36:00+08:00",NA,NA,"Fished","0.9","Yes","Yes","Dillon","Michele",NA,NA
"2024_fish","18","Carangidae","Pseudocaranx","georgianus",0,-35.067,117.882,"2024-04-25T09:36:00+08:00",NA,NA,"Fished","0.9","Yes","Yes","Dillon","Michele",NA,NA
"2024_fish","18","Carangidae","Pseudocaranx","wrighti",0,-35.067,117.882,"2024-04-25T09:36:00+08:00",NA,NA,"Fished","0.9","Yes","Yes","Dillon","Michele",NA,NA
"2024_fish","18","Labridae","Haletta","semifasciata",0,-35.067,117.882,"2024-04-25T09:36:00+08:00",NA,NA,"Fished","0.9","Yes","Yes","Dillon","Michele",NA,NA
"2024_fish","18","Labridae","Halichoeres","brownfieldi",0,-35.067,117.882,"2024-04-25T09:36:00+08:00",NA,NA,"Fished","0.9","Yes","Yes","Dillon","Michele",NA,NA
"2024_fish","18","Labridae","Neoodax","balteatus",0,-35.067,117.882,"2024-04-25T09:36:00+08:00",NA,NA,"Fished","0.9","Yes","Yes","Dillon","Michele",NA,NA
"2024_fish","18","Labridae","Notolabrus","parilus",0,-35.067,117.882,"2024-04-25T09:36:00+08:00",NA,NA,"Fished","0.9","Yes","Yes","Dillon","Michele",NA,NA
"2024_fish","18","Labridae","Unknown","spp",0,-35.067,117.882,"2024-04-25T09:36:00+08:00",NA,NA,"Fished","0.9","Yes","Yes","Dillon","Michele",NA,NA
"2024_fish","18","Monacanthidae","Acanthaluteres","spilomelanurus",0,-35.067,117.882,"2024-04-25T09:36:00+08:00",NA,NA,"Fished","0.9","Yes","Yes","Dillon","Michele",NA,NA
"2024_fish","18","Pinguipedidae","Parapercis","haackei",0,-35.067,117.882,"2024-04-25T09:36:00+08:00",NA,NA,"Fished","0.9","Yes","Yes","Dillon","Michele",NA,NA
"2024_fish","18","Sillaginidae","Sillaginodes","punctatus",0,-35.067,117.882,"2024-04-25T09:36:00+08:00",NA,NA,"Fished","0.9","Yes","Yes","Dillon","Michele",NA,NA
"2024_fish","18","Sparidae","Acanthopagrus","butcheri",0,-35.067,117.882,"2024-04-25T09:36:00+08:00",NA,NA,"Fished","0.9","Yes","Yes","Dillon","Michele",NA,NA
"2024_fish","18","Sphyraenidae","Sphyraena","novaehollandiae",0,-35.067,117.882,"2024-04-25T09:36:00+08:00",NA,NA,"Fished","0.9","Yes","Yes","Dillon","Michele",NA,NA
"2024_fish","18","Syngnathidae","Stigmatopora","argus",0,-35.067,117.882,"2024-04-25T09:36:00+08:00",NA,NA,"Fished","0.9","Yes","Yes","Dillon","Michele",NA,NA
"2024_fish","18","Terapontidae","Pelates","quadrilineatus",0,-35.067,117.882,"2024-04-25T09:36:00+08:00",NA,NA,"Fished","0.9","Yes","Yes","Dillon","Michele",NA,NA
"2024_fish","19","Apogonidae","Ostorhinchus","rueppellii",0,-35.033,117.868,"2024-04-25T13:01:00+08:00",NA,NA,"Fished","2.3","Yes","Yes","Sylvie","Dillon",NA,NA
"2024_fish","19","Carangidae","Pseudocaranx","georgianus",0,-35.033,117.868,"2024-04-25T13:01:00+08:00",NA,NA,"Fished","2.3","Yes","Yes","Sylvie","Dillon",NA,NA
"2024_fish","19","Carangidae","Pseudocaranx","wrighti",0,-35.033,117.868,"2024-04-25T13:01:00+08:00",NA,NA,"Fished","2.3","Yes","Yes","Sylvie","Dillon",NA,NA
"2024_fish","19","Labridae","Haletta","semifasciata",0,-35.033,117.868,"2024-04-25T13:01:00+08:00",NA,NA,"Fished","2.3","Yes","Yes","Sylvie","Dillon",NA,NA
"2024_fish","19","Labridae","Halichoeres","brownfieldi",0,-35.033,117.868,"2024-04-25T13:01:00+08:00",NA,NA,"Fished","2.3","Yes","Yes","Sylvie","Dillon",NA,NA
"2024_fish","19","Labridae","Neoodax","balteatus",0,-35.033,117.868,"2024-04-25T13:01:00+08:00",NA,NA,"Fished","2.3","Yes","Yes","Sylvie","Dillon",NA,NA
"2024_fish","19","Labridae","Notolabrus","parilus",0,-35.033,117.868,"2024-04-25T13:01:00+08:00",NA,NA,"Fished","2.3","Yes","Yes","Sylvie","Dillon",NA,NA
"2024_fish","19","Labridae","Unknown","spp",0,-35.033,117.868,"2024-04-25T13:01:00+08:00",NA,NA,"Fished","2.3","Yes","Yes","Sylvie","Dillon",NA,NA
"2024_fish","19","Monacanthidae","Acanthaluteres","spilomelanurus",0,-35.033,117.868,"2024-04-25T13:01:00+08:00",NA,NA,"Fished","2.3","Yes","Yes","Sylvie","Dillon",NA,NA
"2024_fish","19","Pinguipedidae","Parapercis","haackei",0,-35.033,117.868,"2024-04-25T13:01:00+08:00",NA,NA,"Fished","2.3","Yes","Yes","Sylvie","Dillon",NA,NA
"2024_fish","19","Sillaginidae","Sillaginodes","punctatus",2,-35.033,117.868,"2024-04-25T13:01:00+08:00",NA,NA,"Fished","2.3","Yes","Yes","Sylvie","Dillon",NA,NA
"2024_fish","19","Sparidae","Acanthopagrus","butcheri",0,-35.033,117.868,"2024-04-25T13:01:00+08:00",NA,NA,"Fished","2.3","Yes","Yes","Sylvie","Dillon",NA,NA
"2024_fish","19","Sphyraenidae","Sphyraena","novaehollandiae",0,-35.033,117.868,"2024-04-25T13:01:00+08:00",NA,NA,"Fished","2.3","Yes","Yes","Sylvie","Dillon",NA,NA
"2024_fish","19","Syngnathidae","Stigmatopora","argus",0,-35.033,117.868,"2024-04-25T13:01:00+08:00",NA,NA,"Fished","2.3","Yes","Yes","Sylvie","Dillon",NA,NA
"2024_fish","19","Terapontidae","Pelates","quadrilineatus",0,-35.033,117.868,"2024-04-25T13:01:00+08:00",NA,NA,"Fished","2.3","Yes","Yes","Sylvie","Dillon",NA,NA
"2024_fish","20","Apogonidae","Ostorhinchus","rueppellii",0,-35.035,117.861,"2024-04-25T12:26:00+08:00",NA,NA,"Fished","1.7","Yes","Yes","Sylvie","Joshua",NA,NA
"2024_fish","20","Carangidae","Pseudocaranx","georgianus",0,-35.035,117.861,"2024-04-25T12:26:00+08:00",NA,NA,"Fished","1.7","Yes","Yes","Sylvie","Joshua",NA,NA
"2024_fish","20","Carangidae","Pseudocaranx","wrighti",0,-35.035,117.861,"2024-04-25T12:26:00+08:00",NA,NA,"Fished","1.7","Yes","Yes","Sylvie","Joshua",NA,NA
"2024_fish","20","Labridae","Haletta","semifasciata",0,-35.035,117.861,"2024-04-25T12:26:00+08:00",NA,NA,"Fished","1.7","Yes","Yes","Sylvie","Joshua",NA,NA
"2024_fish","20","Labridae","Halichoeres","brownfieldi",0,-35.035,117.861,"2024-04-25T12:26:00+08:00",NA,NA,"Fished","1.7","Yes","Yes","Sylvie","Joshua",NA,NA
"2024_fish","20","Labridae","Neoodax","balteatus",0,-35.035,117.861,"2024-04-25T12:26:00+08:00",NA,NA,"Fished","1.7","Yes","Yes","Sylvie","Joshua",NA,NA
"2024_fish","20","Labridae","Notolabrus","parilus",1,-35.035,117.861,"2024-04-25T12:26:00+08:00",NA,NA,"Fished","1.7","Yes","Yes","Sylvie","Joshua",NA,NA
"2024_fish","20","Labridae","Unknown","spp",0,-35.035,117.861,"2024-04-25T12:26:00+08:00",NA,NA,"Fished","1.7","Yes","Yes","Sylvie","Joshua",NA,NA
"2024_fish","20","Monacanthidae","Acanthaluteres","spilomelanurus",0,-35.035,117.861,"2024-04-25T12:26:00+08:00",NA,NA,"Fished","1.7","Yes","Yes","Sylvie","Joshua",NA,NA
"2024_fish","20","Pinguipedidae","Parapercis","haackei",0,-35.035,117.861,"2024-04-25T12:26:00+08:00",NA,NA,"Fished","1.7","Yes","Yes","Sylvie","Joshua",NA,NA
"2024_fish","20","Sillaginidae","Sillaginodes","punctatus",6,-35.035,117.861,"2024-04-25T12:26:00+08:00",NA,NA,"Fished","1.7","Yes","Yes","Sylvie","Joshua",NA,NA
"2024_fish","20","Sparidae","Acanthopagrus","butcheri",31,-35.035,117.861,"2024-04-25T12:26:00+08:00",NA,NA,"Fished","1.7","Yes","Yes","Sylvie","Joshua",NA,NA
"2024_fish","20","Sphyraenidae","Sphyraena","novaehollandiae",0,-35.035,117.861,"2024-04-25T12:26:00+08:00",NA,NA,"Fished","1.7","Yes","Yes","Sylvie","Joshua",NA,NA
"2024_fish","20","Syngnathidae","Stigmatopora","argus",0,-35.035,117.861,"2024-04-25T12:26:00+08:00",NA,NA,"Fished","1.7","Yes","Yes","Sylvie","Joshua",NA,NA
"2024_fish","20","Terapontidae","Pelates","quadrilineatus",0,-35.035,117.861,"2024-04-25T12:26:00+08:00",NA,NA,"Fished","1.7","Yes","Yes","Sylvie","Joshua",NA,NA
"2024_fish","3","Apogonidae","Ostorhinchus","rueppellii",0,-35.039,117.898,"2024-04-26T12:10:00+08:00",NA,NA,"Fished","14.5","Yes","Yes","Eden","Annika",NA,NA
"2024_fish","3","Carangidae","Pseudocaranx","georgianus",0,-35.039,117.898,"2024-04-26T12:10:00+08:00",NA,NA,"Fished","14.5","Yes","Yes","Eden","Annika",NA,NA
"2024_fish","3","Carangidae","Pseudocaranx","wrighti",0,-35.039,117.898,"2024-04-26T12:10:00+08:00",NA,NA,"Fished","14.5","Yes","Yes","Eden","Annika",NA,NA
"2024_fish","3","Labridae","Haletta","semifasciata",0,-35.039,117.898,"2024-04-26T12:10:00+08:00",NA,NA,"Fished","14.5","Yes","Yes","Eden","Annika",NA,NA
"2024_fish","3","Labridae","Halichoeres","brownfieldi",0,-35.039,117.898,"2024-04-26T12:10:00+08:00",NA,NA,"Fished","14.5","Yes","Yes","Eden","Annika",NA,NA
"2024_fish","3","Labridae","Neoodax","balteatus",0,-35.039,117.898,"2024-04-26T12:10:00+08:00",NA,NA,"Fished","14.5","Yes","Yes","Eden","Annika",NA,NA
"2024_fish","3","Labridae","Notolabrus","parilus",0,-35.039,117.898,"2024-04-26T12:10:00+08:00",NA,NA,"Fished","14.5","Yes","Yes","Eden","Annika",NA,NA
"2024_fish","3","Labridae","Unknown","spp",0,-35.039,117.898,"2024-04-26T12:10:00+08:00",NA,NA,"Fished","14.5","Yes","Yes","Eden","Annika",NA,NA
"2024_fish","3","Monacanthidae","Acanthaluteres","spilomelanurus",0,-35.039,117.898,"2024-04-26T12:10:00+08:00",NA,NA,"Fished","14.5","Yes","Yes","Eden","Annika",NA,NA
"2024_fish","3","Pinguipedidae","Parapercis","haackei",0,-35.039,117.898,"2024-04-26T12:10:00+08:00",NA,NA,"Fished","14.5","Yes","Yes","Eden","Annika",NA,NA
"2024_fish","3","Sillaginidae","Sillaginodes","punctatus",0,-35.039,117.898,"2024-04-26T12:10:00+08:00",NA,NA,"Fished","14.5","Yes","Yes","Eden","Annika",NA,NA
"2024_fish","3","Sparidae","Acanthopagrus","butcheri",0,-35.039,117.898,"2024-04-26T12:10:00+08:00",NA,NA,"Fished","14.5","Yes","Yes","Eden","Annika",NA,NA
"2024_fish","3","Sphyraenidae","Sphyraena","novaehollandiae",0,-35.039,117.898,"2024-04-26T12:10:00+08:00",NA,NA,"Fished","14.5","Yes","Yes","Eden","Annika",NA,NA
"2024_fish","3","Syngnathidae","Stigmatopora","argus",0,-35.039,117.898,"2024-04-26T12:10:00+08:00",NA,NA,"Fished","14.5","Yes","Yes","Eden","Annika",NA,NA
"2024_fish","3","Terapontidae","Pelates","quadrilineatus",0,-35.039,117.898,"2024-04-26T12:10:00+08:00",NA,NA,"Fished","14.5","Yes","Yes","Eden","Annika",NA,NA
"2024_fish","4","Apogonidae","Ostorhinchus","rueppellii",0,-35.04,117.903,"2024-04-26T12:00:00+08:00",NA,NA,"Fished","13.5","Yes","Yes","Ryan","Annika",NA,NA
"2024_fish","4","Carangidae","Pseudocaranx","georgianus",0,-35.04,117.903,"2024-04-26T12:00:00+08:00",NA,NA,"Fished","13.5","Yes","Yes","Ryan","Annika",NA,NA
"2024_fish","4","Carangidae","Pseudocaranx","wrighti",0,-35.04,117.903,"2024-04-26T12:00:00+08:00",NA,NA,"Fished","13.5","Yes","Yes","Ryan","Annika",NA,NA
"2024_fish","4","Labridae","Haletta","semifasciata",0,-35.04,117.903,"2024-04-26T12:00:00+08:00",NA,NA,"Fished","13.5","Yes","Yes","Ryan","Annika",NA,NA
"2024_fish","4","Labridae","Halichoeres","brownfieldi",0,-35.04,117.903,"2024-04-26T12:00:00+08:00",NA,NA,"Fished","13.5","Yes","Yes","Ryan","Annika",NA,NA
"2024_fish","4","Labridae","Neoodax","balteatus",0,-35.04,117.903,"2024-04-26T12:00:00+08:00",NA,NA,"Fished","13.5","Yes","Yes","Ryan","Annika",NA,NA
"2024_fish","4","Labridae","Notolabrus","parilus",0,-35.04,117.903,"2024-04-26T12:00:00+08:00",NA,NA,"Fished","13.5","Yes","Yes","Ryan","Annika",NA,NA
"2024_fish","4","Labridae","Unknown","spp",0,-35.04,117.903,"2024-04-26T12:00:00+08:00",NA,NA,"Fished","13.5","Yes","Yes","Ryan","Annika",NA,NA
"2024_fish","4","Monacanthidae","Acanthaluteres","spilomelanurus",0,-35.04,117.903,"2024-04-26T12:00:00+08:00",NA,NA,"Fished","13.5","Yes","Yes","Ryan","Annika",NA,NA
"2024_fish","4","Pinguipedidae","Parapercis","haackei",0,-35.04,117.903,"2024-04-26T12:00:00+08:00",NA,NA,"Fished","13.5","Yes","Yes","Ryan","Annika",NA,NA
"2024_fish","4","Sillaginidae","Sillaginodes","punctatus",0,-35.04,117.903,"2024-04-26T12:00:00+08:00",NA,NA,"Fished","13.5","Yes","Yes","Ryan","Annika",NA,NA
"2024_fish","4","Sparidae","Acanthopagrus","butcheri",0,-35.04,117.903,"2024-04-26T12:00:00+08:00",NA,NA,"Fished","13.5","Yes","Yes","Ryan","Annika",NA,NA
"2024_fish","4","Sphyraenidae","Sphyraena","novaehollandiae",0,-35.04,117.903,"2024-04-26T12:00:00+08:00",NA,NA,"Fished","13.5","Yes","Yes","Ryan","Annika",NA,NA
"2024_fish","4","Syngnathidae","Stigmatopora","argus",0,-35.04,117.903,"2024-04-26T12:00:00+08:00",NA,NA,"Fished","13.5","Yes","Yes","Ryan","Annika",NA,NA
"2024_fish","4","Terapontidae","Pelates","quadrilineatus",0,-35.04,117.903,"2024-04-26T12:00:00+08:00",NA,NA,"Fished","13.5","Yes","Yes","Ryan","Annika",NA,NA
"2024_fish","5","Apogonidae","Ostorhinchus","rueppellii",0,-35.038,117.897,"2024-04-26T12:12:00+08:00",NA,NA,"Fished","15","Yes","Yes","Dillon","Sylvie",NA,NA
"2024_fish","5","Carangidae","Pseudocaranx","georgianus",0,-35.038,117.897,"2024-04-26T12:12:00+08:00",NA,NA,"Fished","15","Yes","Yes","Dillon","Sylvie",NA,NA
"2024_fish","5","Carangidae","Pseudocaranx","wrighti",0,-35.038,117.897,"2024-04-26T12:12:00+08:00",NA,NA,"Fished","15","Yes","Yes","Dillon","Sylvie",NA,NA
"2024_fish","5","Labridae","Haletta","semifasciata",0,-35.038,117.897,"2024-04-26T12:12:00+08:00",NA,NA,"Fished","15","Yes","Yes","Dillon","Sylvie",NA,NA
"2024_fish","5","Labridae","Halichoeres","brownfieldi",0,-35.038,117.897,"2024-04-26T12:12:00+08:00",NA,NA,"Fished","15","Yes","Yes","Dillon","Sylvie",NA,NA
"2024_fish","5","Labridae","Neoodax","balteatus",0,-35.038,117.897,"2024-04-26T12:12:00+08:00",NA,NA,"Fished","15","Yes","Yes","Dillon","Sylvie",NA,NA
"2024_fish","5","Labridae","Notolabrus","parilus",0,-35.038,117.897,"2024-04-26T12:12:00+08:00",NA,NA,"Fished","15","Yes","Yes","Dillon","Sylvie",NA,NA
"2024_fish","5","Labridae","Unknown","spp",0,-35.038,117.897,"2024-04-26T12:12:00+08:00",NA,NA,"Fished","15","Yes","Yes","Dillon","Sylvie",NA,NA
"2024_fish","5","Monacanthidae","Acanthaluteres","spilomelanurus",0,-35.038,117.897,"2024-04-26T12:12:00+08:00",NA,NA,"Fished","15","Yes","Yes","Dillon","Sylvie",NA,NA
"2024_fish","5","Pinguipedidae","Parapercis","haackei",0,-35.038,117.897,"2024-04-26T12:12:00+08:00",NA,NA,"Fished","15","Yes","Yes","Dillon","Sylvie",NA,NA
"2024_fish","5","Sillaginidae","Sillaginodes","punctatus",0,-35.038,117.897,"2024-04-26T12:12:00+08:00",NA,NA,"Fished","15","Yes","Yes","Dillon","Sylvie",NA,NA
"2024_fish","5","Sparidae","Acanthopagrus","butcheri",0,-35.038,117.897,"2024-04-26T12:12:00+08:00",NA,NA,"Fished","15","Yes","Yes","Dillon","Sylvie",NA,NA
"2024_fish","5","Sphyraenidae","Sphyraena","novaehollandiae",0,-35.038,117.897,"2024-04-26T12:12:00+08:00",NA,NA,"Fished","15","Yes","Yes","Dillon","Sylvie",NA,NA
"2024_fish","5","Syngnathidae","Stigmatopora","argus",0,-35.038,117.897,"2024-04-26T12:12:00+08:00",NA,NA,"Fished","15","Yes","Yes","Dillon","Sylvie",NA,NA
"2024_fish","5","Terapontidae","Pelates","quadrilineatus",0,-35.038,117.897,"2024-04-26T12:12:00+08:00",NA,NA,"Fished","15","Yes","Yes","Dillon","Sylvie",NA,NA
"2024_fish","54","Apogonidae","Ostorhinchus","rueppellii",0,-35.066,117.881,"2024-04-25T09:30:00+08:00",NA,NA,"Fished","1.8","Yes","Yes","Annika","Joshua",NA,NA
"2024_fish","54","Carangidae","Pseudocaranx","georgianus",0,-35.066,117.881,"2024-04-25T09:30:00+08:00",NA,NA,"Fished","1.8","Yes","Yes","Annika","Joshua",NA,NA
"2024_fish","54","Carangidae","Pseudocaranx","wrighti",0,-35.066,117.881,"2024-04-25T09:30:00+08:00",NA,NA,"Fished","1.8","Yes","Yes","Annika","Joshua",NA,NA
"2024_fish","54","Labridae","Haletta","semifasciata",0,-35.066,117.881,"2024-04-25T09:30:00+08:00",NA,NA,"Fished","1.8","Yes","Yes","Annika","Joshua",NA,NA
"2024_fish","54","Labridae","Halichoeres","brownfieldi",2,-35.066,117.881,"2024-04-25T09:30:00+08:00",NA,NA,"Fished","1.8","Yes","Yes","Annika","Joshua",NA,NA
"2024_fish","54","Labridae","Neoodax","balteatus",5,-35.066,117.881,"2024-04-25T09:30:00+08:00",NA,NA,"Fished","1.8","Yes","Yes","Annika","Joshua",NA,NA
"2024_fish","54","Labridae","Notolabrus","parilus",0,-35.066,117.881,"2024-04-25T09:30:00+08:00",NA,NA,"Fished","1.8","Yes","Yes","Annika","Joshua",NA,NA
"2024_fish","54","Labridae","Unknown","spp",0,-35.066,117.881,"2024-04-25T09:30:00+08:00",NA,NA,"Fished","1.8","Yes","Yes","Annika","Joshua",NA,NA
"2024_fish","54","Monacanthidae","Acanthaluteres","spilomelanurus",0,-35.066,117.881,"2024-04-25T09:30:00+08:00",NA,NA,"Fished","1.8","Yes","Yes","Annika","Joshua",NA,NA
"2024_fish","54","Pinguipedidae","Parapercis","haackei",0,-35.066,117.881,"2024-04-25T09:30:00+08:00",NA,NA,"Fished","1.8","Yes","Yes","Annika","Joshua",NA,NA
"2024_fish","54","Sillaginidae","Sillaginodes","punctatus",0,-35.066,117.881,"2024-04-25T09:30:00+08:00",NA,NA,"Fished","1.8","Yes","Yes","Annika","Joshua",NA,NA
"2024_fish","54","Sparidae","Acanthopagrus","butcheri",0,-35.066,117.881,"2024-04-25T09:30:00+08:00",NA,NA,"Fished","1.8","Yes","Yes","Annika","Joshua",NA,NA
"2024_fish","54","Sphyraenidae","Sphyraena","novaehollandiae",0,-35.066,117.881,"2024-04-25T09:30:00+08:00",NA,NA,"Fished","1.8","Yes","Yes","Annika","Joshua",NA,NA
"2024_fish","54","Syngnathidae","Stigmatopora","argus",0,-35.066,117.881,"2024-04-25T09:30:00+08:00",NA,NA,"Fished","1.8","Yes","Yes","Annika","Joshua",NA,NA
"2024_fish","54","Terapontidae","Pelates","quadrilineatus",0,-35.066,117.881,"2024-04-25T09:30:00+08:00",NA,NA,"Fished","1.8","Yes","Yes","Annika","Joshua",NA,NA
"2024_fish","56","Apogonidae","Ostorhinchus","rueppellii",0,-35.065,117.881,"2024-04-25T09:41:00+08:00",NA,NA,"Fished","2.2","Yes","Yes","Annika","Joshua",NA,NA
"2024_fish","56","Carangidae","Pseudocaranx","georgianus",0,-35.065,117.881,"2024-04-25T09:41:00+08:00",NA,NA,"Fished","2.2","Yes","Yes","Annika","Joshua",NA,NA
"2024_fish","56","Carangidae","Pseudocaranx","wrighti",0,-35.065,117.881,"2024-04-25T09:41:00+08:00",NA,NA,"Fished","2.2","Yes","Yes","Annika","Joshua",NA,NA
"2024_fish","56","Labridae","Haletta","semifasciata",0,-35.065,117.881,"2024-04-25T09:41:00+08:00",NA,NA,"Fished","2.2","Yes","Yes","Annika","Joshua",NA,NA
"2024_fish","56","Labridae","Halichoeres","brownfieldi",0,-35.065,117.881,"2024-04-25T09:41:00+08:00",NA,NA,"Fished","2.2","Yes","Yes","Annika","Joshua",NA,NA
"2024_fish","56","Labridae","Neoodax","balteatus",7,-35.065,117.881,"2024-04-25T09:41:00+08:00",NA,NA,"Fished","2.2","Yes","Yes","Annika","Joshua",NA,NA
"2024_fish","56","Labridae","Notolabrus","parilus",0,-35.065,117.881,"2024-04-25T09:41:00+08:00",NA,NA,"Fished","2.2","Yes","Yes","Annika","Joshua",NA,NA
"2024_fish","56","Labridae","Unknown","spp",0,-35.065,117.881,"2024-04-25T09:41:00+08:00",NA,NA,"Fished","2.2","Yes","Yes","Annika","Joshua",NA,NA
"2024_fish","56","Monacanthidae","Acanthaluteres","spilomelanurus",0,-35.065,117.881,"2024-04-25T09:41:00+08:00",NA,NA,"Fished","2.2","Yes","Yes","Annika","Joshua",NA,NA
"2024_fish","56","Pinguipedidae","Parapercis","haackei",0,-35.065,117.881,"2024-04-25T09:41:00+08:00",NA,NA,"Fished","2.2","Yes","Yes","Annika","Joshua",NA,NA
"2024_fish","56","Sillaginidae","Sillaginodes","punctatus",0,-35.065,117.881,"2024-04-25T09:41:00+08:00",NA,NA,"Fished","2.2","Yes","Yes","Annika","Joshua",NA,NA
"2024_fish","56","Sparidae","Acanthopagrus","butcheri",0,-35.065,117.881,"2024-04-25T09:41:00+08:00",NA,NA,"Fished","2.2","Yes","Yes","Annika","Joshua",NA,NA
"2024_fish","56","Sphyraenidae","Sphyraena","novaehollandiae",0,-35.065,117.881,"2024-04-25T09:41:00+08:00",NA,NA,"Fished","2.2","Yes","Yes","Annika","Joshua",NA,NA
"2024_fish","56","Syngnathidae","Stigmatopora","argus",0,-35.065,117.881,"2024-04-25T09:41:00+08:00",NA,NA,"Fished","2.2","Yes","Yes","Annika","Joshua",NA,NA
"2024_fish","56","Terapontidae","Pelates","quadrilineatus",0,-35.065,117.881,"2024-04-25T09:41:00+08:00",NA,NA,"Fished","2.2","Yes","Yes","Annika","Joshua",NA,NA
"2024_fish","58","Apogonidae","Ostorhinchus","rueppellii",0,-35.062,117.879,"2024-04-25T11:21:00+08:00",NA,NA,"Fished","1.9","Yes","Yes","Annika","Dillon",NA,NA
"2024_fish","58","Carangidae","Pseudocaranx","georgianus",0,-35.062,117.879,"2024-04-25T11:21:00+08:00",NA,NA,"Fished","1.9","Yes","Yes","Annika","Dillon",NA,NA
"2024_fish","58","Carangidae","Pseudocaranx","wrighti",0,-35.062,117.879,"2024-04-25T11:21:00+08:00",NA,NA,"Fished","1.9","Yes","Yes","Annika","Dillon",NA,NA
"2024_fish","58","Labridae","Haletta","semifasciata",0,-35.062,117.879,"2024-04-25T11:21:00+08:00",NA,NA,"Fished","1.9","Yes","Yes","Annika","Dillon",NA,NA
"2024_fish","58","Labridae","Halichoeres","brownfieldi",0,-35.062,117.879,"2024-04-25T11:21:00+08:00",NA,NA,"Fished","1.9","Yes","Yes","Annika","Dillon",NA,NA
"2024_fish","58","Labridae","Neoodax","balteatus",0,-35.062,117.879,"2024-04-25T11:21:00+08:00",NA,NA,"Fished","1.9","Yes","Yes","Annika","Dillon",NA,NA
"2024_fish","58","Labridae","Notolabrus","parilus",0,-35.062,117.879,"2024-04-25T11:21:00+08:00",NA,NA,"Fished","1.9","Yes","Yes","Annika","Dillon",NA,NA
"2024_fish","58","Labridae","Unknown","spp",0,-35.062,117.879,"2024-04-25T11:21:00+08:00",NA,NA,"Fished","1.9","Yes","Yes","Annika","Dillon",NA,NA
"2024_fish","58","Monacanthidae","Acanthaluteres","spilomelanurus",0,-35.062,117.879,"2024-04-25T11:21:00+08:00",NA,NA,"Fished","1.9","Yes","Yes","Annika","Dillon",NA,NA
"2024_fish","58","Pinguipedidae","Parapercis","haackei",0,-35.062,117.879,"2024-04-25T11:21:00+08:00",NA,NA,"Fished","1.9","Yes","Yes","Annika","Dillon",NA,NA
"2024_fish","58","Sillaginidae","Sillaginodes","punctatus",13,-35.062,117.879,"2024-04-25T11:21:00+08:00",NA,NA,"Fished","1.9","Yes","Yes","Annika","Dillon",NA,NA
"2024_fish","58","Sparidae","Acanthopagrus","butcheri",0,-35.062,117.879,"2024-04-25T11:21:00+08:00",NA,NA,"Fished","1.9","Yes","Yes","Annika","Dillon",NA,NA
"2024_fish","58","Sphyraenidae","Sphyraena","novaehollandiae",0,-35.062,117.879,"2024-04-25T11:21:00+08:00",NA,NA,"Fished","1.9","Yes","Yes","Annika","Dillon",NA,NA
"2024_fish","58","Syngnathidae","Stigmatopora","argus",0,-35.062,117.879,"2024-04-25T11:21:00+08:00",NA,NA,"Fished","1.9","Yes","Yes","Annika","Dillon",NA,NA
"2024_fish","58","Terapontidae","Pelates","quadrilineatus",0,-35.062,117.879,"2024-04-25T11:21:00+08:00",NA,NA,"Fished","1.9","Yes","Yes","Annika","Dillon",NA,NA
"2024_fish","6","Apogonidae","Ostorhinchus","rueppellii",0,-35.04,117.906,"2024-04-26T11:45:00+08:00",NA,NA,"Fished","14","Yes","Yes","Joshua","Annika",NA,NA
"2024_fish","6","Carangidae","Pseudocaranx","georgianus",0,-35.04,117.906,"2024-04-26T11:45:00+08:00",NA,NA,"Fished","14","Yes","Yes","Joshua","Annika",NA,NA
"2024_fish","6","Carangidae","Pseudocaranx","wrighti",2,-35.04,117.906,"2024-04-26T11:45:00+08:00",NA,NA,"Fished","14","Yes","Yes","Joshua","Annika",NA,NA
"2024_fish","6","Labridae","Haletta","semifasciata",0,-35.04,117.906,"2024-04-26T11:45:00+08:00",NA,NA,"Fished","14","Yes","Yes","Joshua","Annika",NA,NA
"2024_fish","6","Labridae","Halichoeres","brownfieldi",0,-35.04,117.906,"2024-04-26T11:45:00+08:00",NA,NA,"Fished","14","Yes","Yes","Joshua","Annika",NA,NA
"2024_fish","6","Labridae","Neoodax","balteatus",0,-35.04,117.906,"2024-04-26T11:45:00+08:00",NA,NA,"Fished","14","Yes","Yes","Joshua","Annika",NA,NA
"2024_fish","6","Labridae","Notolabrus","parilus",0,-35.04,117.906,"2024-04-26T11:45:00+08:00",NA,NA,"Fished","14","Yes","Yes","Joshua","Annika",NA,NA
"2024_fish","6","Labridae","Unknown","spp",0,-35.04,117.906,"2024-04-26T11:45:00+08:00",NA,NA,"Fished","14","Yes","Yes","Joshua","Annika",NA,NA
"2024_fish","6","Monacanthidae","Acanthaluteres","spilomelanurus",0,-35.04,117.906,"2024-04-26T11:45:00+08:00",NA,NA,"Fished","14","Yes","Yes","Joshua","Annika",NA,NA
"2024_fish","6","Pinguipedidae","Parapercis","haackei",0,-35.04,117.906,"2024-04-26T11:45:00+08:00",NA,NA,"Fished","14","Yes","Yes","Joshua","Annika",NA,NA
"2024_fish","6","Sillaginidae","Sillaginodes","punctatus",0,-35.04,117.906,"2024-04-26T11:45:00+08:00",NA,NA,"Fished","14","Yes","Yes","Joshua","Annika",NA,NA
"2024_fish","6","Sparidae","Acanthopagrus","butcheri",0,-35.04,117.906,"2024-04-26T11:45:00+08:00",NA,NA,"Fished","14","Yes","Yes","Joshua","Annika",NA,NA
"2024_fish","6","Sphyraenidae","Sphyraena","novaehollandiae",0,-35.04,117.906,"2024-04-26T11:45:00+08:00",NA,NA,"Fished","14","Yes","Yes","Joshua","Annika",NA,NA
"2024_fish","6","Syngnathidae","Stigmatopora","argus",0,-35.04,117.906,"2024-04-26T11:45:00+08:00",NA,NA,"Fished","14","Yes","Yes","Joshua","Annika",NA,NA
"2024_fish","6","Terapontidae","Pelates","quadrilineatus",0,-35.04,117.906,"2024-04-26T11:45:00+08:00",NA,NA,"Fished","14","Yes","Yes","Joshua","Annika",NA,NA
"2024_fish","61","Apogonidae","Ostorhinchus","rueppellii",0,-35.06,117.908,"2024-04-25T10:44:00+08:00",NA,NA,"Fished","4","Yes","Yes","Eden","Michele",NA,NA
"2024_fish","61","Carangidae","Pseudocaranx","georgianus",0,-35.06,117.908,"2024-04-25T10:44:00+08:00",NA,NA,"Fished","4","Yes","Yes","Eden","Michele",NA,NA
"2024_fish","61","Carangidae","Pseudocaranx","wrighti",0,-35.06,117.908,"2024-04-25T10:44:00+08:00",NA,NA,"Fished","4","Yes","Yes","Eden","Michele",NA,NA
"2024_fish","61","Labridae","Haletta","semifasciata",0,-35.06,117.908,"2024-04-25T10:44:00+08:00",NA,NA,"Fished","4","Yes","Yes","Eden","Michele",NA,NA
"2024_fish","61","Labridae","Halichoeres","brownfieldi",0,-35.06,117.908,"2024-04-25T10:44:00+08:00",NA,NA,"Fished","4","Yes","Yes","Eden","Michele",NA,NA
"2024_fish","61","Labridae","Neoodax","balteatus",5,-35.06,117.908,"2024-04-25T10:44:00+08:00",NA,NA,"Fished","4","Yes","Yes","Eden","Michele",NA,NA
"2024_fish","61","Labridae","Notolabrus","parilus",0,-35.06,117.908,"2024-04-25T10:44:00+08:00",NA,NA,"Fished","4","Yes","Yes","Eden","Michele",NA,NA
"2024_fish","61","Labridae","Unknown","spp",0,-35.06,117.908,"2024-04-25T10:44:00+08:00",NA,NA,"Fished","4","Yes","Yes","Eden","Michele",NA,NA
"2024_fish","61","Monacanthidae","Acanthaluteres","spilomelanurus",0,-35.06,117.908,"2024-04-25T10:44:00+08:00",NA,NA,"Fished","4","Yes","Yes","Eden","Michele",NA,NA
"2024_fish","61","Pinguipedidae","Parapercis","haackei",1,-35.06,117.908,"2024-04-25T10:44:00+08:00",NA,NA,"Fished","4","Yes","Yes","Eden","Michele",NA,NA
"2024_fish","61","Sillaginidae","Sillaginodes","punctatus",0,-35.06,117.908,"2024-04-25T10:44:00+08:00",NA,NA,"Fished","4","Yes","Yes","Eden","Michele",NA,NA
"2024_fish","61","Sparidae","Acanthopagrus","butcheri",0,-35.06,117.908,"2024-04-25T10:44:00+08:00",NA,NA,"Fished","4","Yes","Yes","Eden","Michele",NA,NA
"2024_fish","61","Sphyraenidae","Sphyraena","novaehollandiae",0,-35.06,117.908,"2024-04-25T10:44:00+08:00",NA,NA,"Fished","4","Yes","Yes","Eden","Michele",NA,NA
"2024_fish","61","Syngnathidae","Stigmatopora","argus",0,-35.06,117.908,"2024-04-25T10:44:00+08:00",NA,NA,"Fished","4","Yes","Yes","Eden","Michele",NA,NA
"2024_fish","61","Terapontidae","Pelates","quadrilineatus",0,-35.06,117.908,"2024-04-25T10:44:00+08:00",NA,NA,"Fished","4","Yes","Yes","Eden","Michele",NA,NA
"2024_fish","64","Apogonidae","Ostorhinchus","rueppellii",2,-35.067,117.895,"2024-04-25T09:57:00+08:00",NA,NA,"Fished","1.7","Yes","Yes","Dillon","Michele",NA,NA
"2024_fish","64","Carangidae","Pseudocaranx","georgianus",0,-35.067,117.895,"2024-04-25T09:57:00+08:00",NA,NA,"Fished","1.7","Yes","Yes","Dillon","Michele",NA,NA
"2024_fish","64","Carangidae","Pseudocaranx","wrighti",0,-35.067,117.895,"2024-04-25T09:57:00+08:00",NA,NA,"Fished","1.7","Yes","Yes","Dillon","Michele",NA,NA
"2024_fish","64","Labridae","Haletta","semifasciata",1,-35.067,117.895,"2024-04-25T09:57:00+08:00",NA,NA,"Fished","1.7","Yes","Yes","Dillon","Michele",NA,NA
"2024_fish","64","Labridae","Halichoeres","brownfieldi",1,-35.067,117.895,"2024-04-25T09:57:00+08:00",NA,NA,"Fished","1.7","Yes","Yes","Dillon","Michele",NA,NA
"2024_fish","64","Labridae","Neoodax","balteatus",7,-35.067,117.895,"2024-04-25T09:57:00+08:00",NA,NA,"Fished","1.7","Yes","Yes","Dillon","Michele",NA,NA
"2024_fish","64","Labridae","Notolabrus","parilus",0,-35.067,117.895,"2024-04-25T09:57:00+08:00",NA,NA,"Fished","1.7","Yes","Yes","Dillon","Michele",NA,NA
"2024_fish","64","Labridae","Unknown","spp",0,-35.067,117.895,"2024-04-25T09:57:00+08:00",NA,NA,"Fished","1.7","Yes","Yes","Dillon","Michele",NA,NA
"2024_fish","64","Monacanthidae","Acanthaluteres","spilomelanurus",0,-35.067,117.895,"2024-04-25T09:57:00+08:00",NA,NA,"Fished","1.7","Yes","Yes","Dillon","Michele",NA,NA
"2024_fish","64","Pinguipedidae","Parapercis","haackei",0,-35.067,117.895,"2024-04-25T09:57:00+08:00",NA,NA,"Fished","1.7","Yes","Yes","Dillon","Michele",NA,NA
"2024_fish","64","Sillaginidae","Sillaginodes","punctatus",0,-35.067,117.895,"2024-04-25T09:57:00+08:00",NA,NA,"Fished","1.7","Yes","Yes","Dillon","Michele",NA,NA
"2024_fish","64","Sparidae","Acanthopagrus","butcheri",0,-35.067,117.895,"2024-04-25T09:57:00+08:00",NA,NA,"Fished","1.7","Yes","Yes","Dillon","Michele",NA,NA
"2024_fish","64","Sphyraenidae","Sphyraena","novaehollandiae",0,-35.067,117.895,"2024-04-25T09:57:00+08:00",NA,NA,"Fished","1.7","Yes","Yes","Dillon","Michele",NA,NA
"2024_fish","64","Syngnathidae","Stigmatopora","argus",0,-35.067,117.895,"2024-04-25T09:57:00+08:00",NA,NA,"Fished","1.7","Yes","Yes","Dillon","Michele",NA,NA
"2024_fish","64","Terapontidae","Pelates","quadrilineatus",0,-35.067,117.895,"2024-04-25T09:57:00+08:00",NA,NA,"Fished","1.7","Yes","Yes","Dillon","Michele",NA,NA
"2024_fish","65","Apogonidae","Ostorhinchus","rueppellii",0,-35.042,117.866,"2024-04-25T12:14:00+08:00",NA,NA,"Fished","3.6","Yes","Yes","Dillon","Eden",NA,NA
"2024_fish","65","Carangidae","Pseudocaranx","georgianus",0,-35.042,117.866,"2024-04-25T12:14:00+08:00",NA,NA,"Fished","3.6","Yes","Yes","Dillon","Eden",NA,NA
"2024_fish","65","Carangidae","Pseudocaranx","wrighti",0,-35.042,117.866,"2024-04-25T12:14:00+08:00",NA,NA,"Fished","3.6","Yes","Yes","Dillon","Eden",NA,NA
"2024_fish","65","Labridae","Haletta","semifasciata",0,-35.042,117.866,"2024-04-25T12:14:00+08:00",NA,NA,"Fished","3.6","Yes","Yes","Dillon","Eden",NA,NA
"2024_fish","65","Labridae","Halichoeres","brownfieldi",0,-35.042,117.866,"2024-04-25T12:14:00+08:00",NA,NA,"Fished","3.6","Yes","Yes","Dillon","Eden",NA,NA
"2024_fish","65","Labridae","Neoodax","balteatus",0,-35.042,117.866,"2024-04-25T12:14:00+08:00",NA,NA,"Fished","3.6","Yes","Yes","Dillon","Eden",NA,NA
"2024_fish","65","Labridae","Notolabrus","parilus",0,-35.042,117.866,"2024-04-25T12:14:00+08:00",NA,NA,"Fished","3.6","Yes","Yes","Dillon","Eden",NA,NA
"2024_fish","65","Labridae","Unknown","spp",0,-35.042,117.866,"2024-04-25T12:14:00+08:00",NA,NA,"Fished","3.6","Yes","Yes","Dillon","Eden",NA,NA
"2024_fish","65","Monacanthidae","Acanthaluteres","spilomelanurus",0,-35.042,117.866,"2024-04-25T12:14:00+08:00",NA,NA,"Fished","3.6","Yes","Yes","Dillon","Eden",NA,NA
"2024_fish","65","Pinguipedidae","Parapercis","haackei",0,-35.042,117.866,"2024-04-25T12:14:00+08:00",NA,NA,"Fished","3.6","Yes","Yes","Dillon","Eden",NA,NA
"2024_fish","65","Sillaginidae","Sillaginodes","punctatus",0,-35.042,117.866,"2024-04-25T12:14:00+08:00",NA,NA,"Fished","3.6","Yes","Yes","Dillon","Eden",NA,NA
"2024_fish","65","Sparidae","Acanthopagrus","butcheri",0,-35.042,117.866,"2024-04-25T12:14:00+08:00",NA,NA,"Fished","3.6","Yes","Yes","Dillon","Eden",NA,NA
"2024_fish","65","Sphyraenidae","Sphyraena","novaehollandiae",0,-35.042,117.866,"2024-04-25T12:14:00+08:00",NA,NA,"Fished","3.6","Yes","Yes","Dillon","Eden",NA,NA
"2024_fish","65","Syngnathidae","Stigmatopora","argus",0,-35.042,117.866,"2024-04-25T12:14:00+08:00",NA,NA,"Fished","3.6","Yes","Yes","Dillon","Eden",NA,NA
"2024_fish","65","Terapontidae","Pelates","quadrilineatus",0,-35.042,117.866,"2024-04-25T12:14:00+08:00",NA,NA,"Fished","3.6","Yes","Yes","Dillon","Eden",NA,NA
"2024_fish","66","Apogonidae","Ostorhinchus","rueppellii",0,-35.07,117.894,"2024-04-25T09:59:00+08:00",NA,NA,"Fished","0.8","Yes","Yes","Zach","Joshua",NA,NA
"2024_fish","66","Carangidae","Pseudocaranx","georgianus",0,-35.07,117.894,"2024-04-25T09:59:00+08:00",NA,NA,"Fished","0.8","Yes","Yes","Zach","Joshua",NA,NA
"2024_fish","66","Carangidae","Pseudocaranx","wrighti",0,-35.07,117.894,"2024-04-25T09:59:00+08:00",NA,NA,"Fished","0.8","Yes","Yes","Zach","Joshua",NA,NA
"2024_fish","66","Labridae","Haletta","semifasciata",0,-35.07,117.894,"2024-04-25T09:59:00+08:00",NA,NA,"Fished","0.8","Yes","Yes","Zach","Joshua",NA,NA
"2024_fish","66","Labridae","Halichoeres","brownfieldi",0,-35.07,117.894,"2024-04-25T09:59:00+08:00",NA,NA,"Fished","0.8","Yes","Yes","Zach","Joshua",NA,NA
"2024_fish","66","Labridae","Neoodax","balteatus",0,-35.07,117.894,"2024-04-25T09:59:00+08:00",NA,NA,"Fished","0.8","Yes","Yes","Zach","Joshua",NA,NA
"2024_fish","66","Labridae","Notolabrus","parilus",0,-35.07,117.894,"2024-04-25T09:59:00+08:00",NA,NA,"Fished","0.8","Yes","Yes","Zach","Joshua",NA,NA
"2024_fish","66","Labridae","Unknown","spp",0,-35.07,117.894,"2024-04-25T09:59:00+08:00",NA,NA,"Fished","0.8","Yes","Yes","Zach","Joshua",NA,NA
"2024_fish","66","Monacanthidae","Acanthaluteres","spilomelanurus",0,-35.07,117.894,"2024-04-25T09:59:00+08:00",NA,NA,"Fished","0.8","Yes","Yes","Zach","Joshua",NA,NA
"2024_fish","66","Pinguipedidae","Parapercis","haackei",0,-35.07,117.894,"2024-04-25T09:59:00+08:00",NA,NA,"Fished","0.8","Yes","Yes","Zach","Joshua",NA,NA
"2024_fish","66","Sillaginidae","Sillaginodes","punctatus",0,-35.07,117.894,"2024-04-25T09:59:00+08:00",NA,NA,"Fished","0.8","Yes","Yes","Zach","Joshua",NA,NA
"2024_fish","66","Sparidae","Acanthopagrus","butcheri",0,-35.07,117.894,"2024-04-25T09:59:00+08:00",NA,NA,"Fished","0.8","Yes","Yes","Zach","Joshua",NA,NA
"2024_fish","66","Sphyraenidae","Sphyraena","novaehollandiae",0,-35.07,117.894,"2024-04-25T09:59:00+08:00",NA,NA,"Fished","0.8","Yes","Yes","Zach","Joshua",NA,NA
"2024_fish","66","Syngnathidae","Stigmatopora","argus",0,-35.07,117.894,"2024-04-25T09:59:00+08:00",NA,NA,"Fished","0.8","Yes","Yes","Zach","Joshua",NA,NA
"2024_fish","66","Terapontidae","Pelates","quadrilineatus",0,-35.07,117.894,"2024-04-25T09:59:00+08:00",NA,NA,"Fished","0.8","Yes","Yes","Zach","Joshua",NA,NA
"2024_fish","67","Apogonidae","Ostorhinchus","rueppellii",0,-35.067,117.9,"2024-04-25T10:11:00+08:00",NA,NA,"Fished","2.6","Yes","Yes","Zach","Joshua",NA,NA
"2024_fish","67","Carangidae","Pseudocaranx","georgianus",0,-35.067,117.9,"2024-04-25T10:11:00+08:00",NA,NA,"Fished","2.6","Yes","Yes","Zach","Joshua",NA,NA
"2024_fish","67","Carangidae","Pseudocaranx","wrighti",0,-35.067,117.9,"2024-04-25T10:11:00+08:00",NA,NA,"Fished","2.6","Yes","Yes","Zach","Joshua",NA,NA
"2024_fish","67","Labridae","Haletta","semifasciata",0,-35.067,117.9,"2024-04-25T10:11:00+08:00",NA,NA,"Fished","2.6","Yes","Yes","Zach","Joshua",NA,NA
"2024_fish","67","Labridae","Halichoeres","brownfieldi",0,-35.067,117.9,"2024-04-25T10:11:00+08:00",NA,NA,"Fished","2.6","Yes","Yes","Zach","Joshua",NA,NA
"2024_fish","67","Labridae","Neoodax","balteatus",0,-35.067,117.9,"2024-04-25T10:11:00+08:00",NA,NA,"Fished","2.6","Yes","Yes","Zach","Joshua",NA,NA
"2024_fish","67","Labridae","Notolabrus","parilus",0,-35.067,117.9,"2024-04-25T10:11:00+08:00",NA,NA,"Fished","2.6","Yes","Yes","Zach","Joshua",NA,NA
"2024_fish","67","Labridae","Unknown","spp",0,-35.067,117.9,"2024-04-25T10:11:00+08:00",NA,NA,"Fished","2.6","Yes","Yes","Zach","Joshua",NA,NA
"2024_fish","67","Monacanthidae","Acanthaluteres","spilomelanurus",0,-35.067,117.9,"2024-04-25T10:11:00+08:00",NA,NA,"Fished","2.6","Yes","Yes","Zach","Joshua",NA,NA
"2024_fish","67","Pinguipedidae","Parapercis","haackei",0,-35.067,117.9,"2024-04-25T10:11:00+08:00",NA,NA,"Fished","2.6","Yes","Yes","Zach","Joshua",NA,NA
"2024_fish","67","Sillaginidae","Sillaginodes","punctatus",0,-35.067,117.9,"2024-04-25T10:11:00+08:00",NA,NA,"Fished","2.6","Yes","Yes","Zach","Joshua",NA,NA
"2024_fish","67","Sparidae","Acanthopagrus","butcheri",0,-35.067,117.9,"2024-04-25T10:11:00+08:00",NA,NA,"Fished","2.6","Yes","Yes","Zach","Joshua",NA,NA
"2024_fish","67","Sphyraenidae","Sphyraena","novaehollandiae",0,-35.067,117.9,"2024-04-25T10:11:00+08:00",NA,NA,"Fished","2.6","Yes","Yes","Zach","Joshua",NA,NA
"2024_fish","67","Syngnathidae","Stigmatopora","argus",0,-35.067,117.9,"2024-04-25T10:11:00+08:00",NA,NA,"Fished","2.6","Yes","Yes","Zach","Joshua",NA,NA
"2024_fish","67","Terapontidae","Pelates","quadrilineatus",0,-35.067,117.9,"2024-04-25T10:11:00+08:00",NA,NA,"Fished","2.6","Yes","Yes","Zach","Joshua",NA,NA
"2024_fish","68","Apogonidae","Ostorhinchus","rueppellii",0,-35.069,117.906,"2024-04-25T10:24:00+08:00",NA,NA,"Fished","2.4","Yes","Yes","Eden","Michele",NA,NA
"2024_fish","68","Carangidae","Pseudocaranx","georgianus",0,-35.069,117.906,"2024-04-25T10:24:00+08:00",NA,NA,"Fished","2.4","Yes","Yes","Eden","Michele",NA,NA
"2024_fish","68","Carangidae","Pseudocaranx","wrighti",0,-35.069,117.906,"2024-04-25T10:24:00+08:00",NA,NA,"Fished","2.4","Yes","Yes","Eden","Michele",NA,NA
"2024_fish","68","Labridae","Haletta","semifasciata",0,-35.069,117.906,"2024-04-25T10:24:00+08:00",NA,NA,"Fished","2.4","Yes","Yes","Eden","Michele",NA,NA
"2024_fish","68","Labridae","Halichoeres","brownfieldi",0,-35.069,117.906,"2024-04-25T10:24:00+08:00",NA,NA,"Fished","2.4","Yes","Yes","Eden","Michele",NA,NA
"2024_fish","68","Labridae","Neoodax","balteatus",0,-35.069,117.906,"2024-04-25T10:24:00+08:00",NA,NA,"Fished","2.4","Yes","Yes","Eden","Michele",NA,NA
"2024_fish","68","Labridae","Notolabrus","parilus",0,-35.069,117.906,"2024-04-25T10:24:00+08:00",NA,NA,"Fished","2.4","Yes","Yes","Eden","Michele",NA,NA
"2024_fish","68","Labridae","Unknown","spp",0,-35.069,117.906,"2024-04-25T10:24:00+08:00",NA,NA,"Fished","2.4","Yes","Yes","Eden","Michele",NA,NA
"2024_fish","68","Monacanthidae","Acanthaluteres","spilomelanurus",0,-35.069,117.906,"2024-04-25T10:24:00+08:00",NA,NA,"Fished","2.4","Yes","Yes","Eden","Michele",NA,NA
"2024_fish","68","Pinguipedidae","Parapercis","haackei",0,-35.069,117.906,"2024-04-25T10:24:00+08:00",NA,NA,"Fished","2.4","Yes","Yes","Eden","Michele",NA,NA
"2024_fish","68","Sillaginidae","Sillaginodes","punctatus",0,-35.069,117.906,"2024-04-25T10:24:00+08:00",NA,NA,"Fished","2.4","Yes","Yes","Eden","Michele",NA,NA
"2024_fish","68","Sparidae","Acanthopagrus","butcheri",0,-35.069,117.906,"2024-04-25T10:24:00+08:00",NA,NA,"Fished","2.4","Yes","Yes","Eden","Michele",NA,NA
"2024_fish","68","Sphyraenidae","Sphyraena","novaehollandiae",0,-35.069,117.906,"2024-04-25T10:24:00+08:00",NA,NA,"Fished","2.4","Yes","Yes","Eden","Michele",NA,NA
"2024_fish","68","Syngnathidae","Stigmatopora","argus",0,-35.069,117.906,"2024-04-25T10:24:00+08:00",NA,NA,"Fished","2.4","Yes","Yes","Eden","Michele",NA,NA
"2024_fish","68","Terapontidae","Pelates","quadrilineatus",0,-35.069,117.906,"2024-04-25T10:24:00+08:00",NA,NA,"Fished","2.4","Yes","Yes","Eden","Michele",NA,NA
"2024_fish","69","Apogonidae","Ostorhinchus","rueppellii",0,-35.069,117.907,"2024-04-25T10:26:00+08:00",NA,NA,"Fished","2.2","Yes","Yes","Annika","Joshua",NA,NA
"2024_fish","69","Carangidae","Pseudocaranx","georgianus",0,-35.069,117.907,"2024-04-25T10:26:00+08:00",NA,NA,"Fished","2.2","Yes","Yes","Annika","Joshua",NA,NA
"2024_fish","69","Carangidae","Pseudocaranx","wrighti",0,-35.069,117.907,"2024-04-25T10:26:00+08:00",NA,NA,"Fished","2.2","Yes","Yes","Annika","Joshua",NA,NA
"2024_fish","69","Labridae","Haletta","semifasciata",0,-35.069,117.907,"2024-04-25T10:26:00+08:00",NA,NA,"Fished","2.2","Yes","Yes","Annika","Joshua",NA,NA
"2024_fish","69","Labridae","Halichoeres","brownfieldi",0,-35.069,117.907,"2024-04-25T10:26:00+08:00",NA,NA,"Fished","2.2","Yes","Yes","Annika","Joshua",NA,NA
"2024_fish","69","Labridae","Neoodax","balteatus",2,-35.069,117.907,"2024-04-25T10:26:00+08:00",NA,NA,"Fished","2.2","Yes","Yes","Annika","Joshua",NA,NA
"2024_fish","69","Labridae","Notolabrus","parilus",0,-35.069,117.907,"2024-04-25T10:26:00+08:00",NA,NA,"Fished","2.2","Yes","Yes","Annika","Joshua",NA,NA
"2024_fish","69","Labridae","Unknown","spp",0,-35.069,117.907,"2024-04-25T10:26:00+08:00",NA,NA,"Fished","2.2","Yes","Yes","Annika","Joshua",NA,NA
"2024_fish","69","Monacanthidae","Acanthaluteres","spilomelanurus",0,-35.069,117.907,"2024-04-25T10:26:00+08:00",NA,NA,"Fished","2.2","Yes","Yes","Annika","Joshua",NA,NA
"2024_fish","69","Pinguipedidae","Parapercis","haackei",0,-35.069,117.907,"2024-04-25T10:26:00+08:00",NA,NA,"Fished","2.2","Yes","Yes","Annika","Joshua",NA,NA
"2024_fish","69","Sillaginidae","Sillaginodes","punctatus",0,-35.069,117.907,"2024-04-25T10:26:00+08:00",NA,NA,"Fished","2.2","Yes","Yes","Annika","Joshua",NA,NA
"2024_fish","69","Sparidae","Acanthopagrus","butcheri",0,-35.069,117.907,"2024-04-25T10:26:00+08:00",NA,NA,"Fished","2.2","Yes","Yes","Annika","Joshua",NA,NA
"2024_fish","69","Sphyraenidae","Sphyraena","novaehollandiae",0,-35.069,117.907,"2024-04-25T10:26:00+08:00",NA,NA,"Fished","2.2","Yes","Yes","Annika","Joshua",NA,NA
"2024_fish","69","Syngnathidae","Stigmatopora","argus",0,-35.069,117.907,"2024-04-25T10:26:00+08:00",NA,NA,"Fished","2.2","Yes","Yes","Annika","Joshua",NA,NA
"2024_fish","69","Terapontidae","Pelates","quadrilineatus",0,-35.069,117.907,"2024-04-25T10:26:00+08:00",NA,NA,"Fished","2.2","Yes","Yes","Annika","Joshua",NA,NA
"2024_fish","70","Apogonidae","Ostorhinchus","rueppellii",0,-35.057,117.907,"2024-04-25T10:40:00+08:00",NA,NA,"Fished","3.9","Yes","Yes","Annika","Dillon",NA,NA
"2024_fish","70","Carangidae","Pseudocaranx","georgianus",0,-35.057,117.907,"2024-04-25T10:40:00+08:00",NA,NA,"Fished","3.9","Yes","Yes","Annika","Dillon",NA,NA
"2024_fish","70","Carangidae","Pseudocaranx","wrighti",0,-35.057,117.907,"2024-04-25T10:40:00+08:00",NA,NA,"Fished","3.9","Yes","Yes","Annika","Dillon",NA,NA
"2024_fish","70","Labridae","Haletta","semifasciata",0,-35.057,117.907,"2024-04-25T10:40:00+08:00",NA,NA,"Fished","3.9","Yes","Yes","Annika","Dillon",NA,NA
"2024_fish","70","Labridae","Halichoeres","brownfieldi",0,-35.057,117.907,"2024-04-25T10:40:00+08:00",NA,NA,"Fished","3.9","Yes","Yes","Annika","Dillon",NA,NA
"2024_fish","70","Labridae","Neoodax","balteatus",0,-35.057,117.907,"2024-04-25T10:40:00+08:00",NA,NA,"Fished","3.9","Yes","Yes","Annika","Dillon",NA,NA
"2024_fish","70","Labridae","Notolabrus","parilus",0,-35.057,117.907,"2024-04-25T10:40:00+08:00",NA,NA,"Fished","3.9","Yes","Yes","Annika","Dillon",NA,NA
"2024_fish","70","Labridae","Unknown","spp",0,-35.057,117.907,"2024-04-25T10:40:00+08:00",NA,NA,"Fished","3.9","Yes","Yes","Annika","Dillon",NA,NA
"2024_fish","70","Monacanthidae","Acanthaluteres","spilomelanurus",0,-35.057,117.907,"2024-04-25T10:40:00+08:00",NA,NA,"Fished","3.9","Yes","Yes","Annika","Dillon",NA,NA
"2024_fish","70","Pinguipedidae","Parapercis","haackei",0,-35.057,117.907,"2024-04-25T10:40:00+08:00",NA,NA,"Fished","3.9","Yes","Yes","Annika","Dillon",NA,NA
"2024_fish","70","Sillaginidae","Sillaginodes","punctatus",1,-35.057,117.907,"2024-04-25T10:40:00+08:00",NA,NA,"Fished","3.9","Yes","Yes","Annika","Dillon",NA,NA
"2024_fish","70","Sparidae","Acanthopagrus","butcheri",0,-35.057,117.907,"2024-04-25T10:40:00+08:00",NA,NA,"Fished","3.9","Yes","Yes","Annika","Dillon",NA,NA
"2024_fish","70","Sphyraenidae","Sphyraena","novaehollandiae",0,-35.057,117.907,"2024-04-25T10:40:00+08:00",NA,NA,"Fished","3.9","Yes","Yes","Annika","Dillon",NA,NA
"2024_fish","70","Syngnathidae","Stigmatopora","argus",0,-35.057,117.907,"2024-04-25T10:40:00+08:00",NA,NA,"Fished","3.9","Yes","Yes","Annika","Dillon",NA,NA
"2024_fish","70","Terapontidae","Pelates","quadrilineatus",0,-35.057,117.907,"2024-04-25T10:40:00+08:00",NA,NA,"Fished","3.9","Yes","Yes","Annika","Dillon",NA,NA
"2024_fish","71","Apogonidae","Ostorhinchus","rueppellii",0,-35.061,117.879,"2024-04-25T11:19:00+08:00",NA,NA,"Fished","2.1","Yes","Yes","Joshua","Michele",NA,NA
"2024_fish","71","Carangidae","Pseudocaranx","georgianus",1,-35.061,117.879,"2024-04-25T11:19:00+08:00",NA,NA,"Fished","2.1","Yes","Yes","Joshua","Michele",NA,NA
"2024_fish","71","Carangidae","Pseudocaranx","wrighti",0,-35.061,117.879,"2024-04-25T11:19:00+08:00",NA,NA,"Fished","2.1","Yes","Yes","Joshua","Michele",NA,NA
"2024_fish","71","Labridae","Haletta","semifasciata",0,-35.061,117.879,"2024-04-25T11:19:00+08:00",NA,NA,"Fished","2.1","Yes","Yes","Joshua","Michele",NA,NA
"2024_fish","71","Labridae","Halichoeres","brownfieldi",0,-35.061,117.879,"2024-04-25T11:19:00+08:00",NA,NA,"Fished","2.1","Yes","Yes","Joshua","Michele",NA,NA
"2024_fish","71","Labridae","Neoodax","balteatus",0,-35.061,117.879,"2024-04-25T11:19:00+08:00",NA,NA,"Fished","2.1","Yes","Yes","Joshua","Michele",NA,NA
"2024_fish","71","Labridae","Notolabrus","parilus",0,-35.061,117.879,"2024-04-25T11:19:00+08:00",NA,NA,"Fished","2.1","Yes","Yes","Joshua","Michele",NA,NA
"2024_fish","71","Labridae","Unknown","spp",0,-35.061,117.879,"2024-04-25T11:19:00+08:00",NA,NA,"Fished","2.1","Yes","Yes","Joshua","Michele",NA,NA
"2024_fish","71","Monacanthidae","Acanthaluteres","spilomelanurus",0,-35.061,117.879,"2024-04-25T11:19:00+08:00",NA,NA,"Fished","2.1","Yes","Yes","Joshua","Michele",NA,NA
"2024_fish","71","Pinguipedidae","Parapercis","haackei",0,-35.061,117.879,"2024-04-25T11:19:00+08:00",NA,NA,"Fished","2.1","Yes","Yes","Joshua","Michele",NA,NA
"2024_fish","71","Sillaginidae","Sillaginodes","punctatus",15,-35.061,117.879,"2024-04-25T11:19:00+08:00",NA,NA,"Fished","2.1","Yes","Yes","Joshua","Michele",NA,NA
"2024_fish","71","Sparidae","Acanthopagrus","butcheri",0,-35.061,117.879,"2024-04-25T11:19:00+08:00",NA,NA,"Fished","2.1","Yes","Yes","Joshua","Michele",NA,NA
"2024_fish","71","Sphyraenidae","Sphyraena","novaehollandiae",0,-35.061,117.879,"2024-04-25T11:19:00+08:00",NA,NA,"Fished","2.1","Yes","Yes","Joshua","Michele",NA,NA
"2024_fish","71","Syngnathidae","Stigmatopora","argus",0,-35.061,117.879,"2024-04-25T11:19:00+08:00",NA,NA,"Fished","2.1","Yes","Yes","Joshua","Michele",NA,NA
"2024_fish","71","Terapontidae","Pelates","quadrilineatus",1,-35.061,117.879,"2024-04-25T11:19:00+08:00",NA,NA,"Fished","2.1","Yes","Yes","Joshua","Michele",NA,NA
"2024_fish","72","Apogonidae","Ostorhinchus","rueppellii",0,-35.059,117.879,"2024-04-25T11:43:00+08:00",NA,NA,"Fished","2.7","Yes","Yes","Annika","Dillon",NA,NA
"2024_fish","72","Carangidae","Pseudocaranx","georgianus",0,-35.059,117.879,"2024-04-25T11:43:00+08:00",NA,NA,"Fished","2.7","Yes","Yes","Annika","Dillon",NA,NA
"2024_fish","72","Carangidae","Pseudocaranx","wrighti",0,-35.059,117.879,"2024-04-25T11:43:00+08:00",NA,NA,"Fished","2.7","Yes","Yes","Annika","Dillon",NA,NA
"2024_fish","72","Labridae","Haletta","semifasciata",0,-35.059,117.879,"2024-04-25T11:43:00+08:00",NA,NA,"Fished","2.7","Yes","Yes","Annika","Dillon",NA,NA
"2024_fish","72","Labridae","Halichoeres","brownfieldi",0,-35.059,117.879,"2024-04-25T11:43:00+08:00",NA,NA,"Fished","2.7","Yes","Yes","Annika","Dillon",NA,NA
"2024_fish","72","Labridae","Neoodax","balteatus",3,-35.059,117.879,"2024-04-25T11:43:00+08:00",NA,NA,"Fished","2.7","Yes","Yes","Annika","Dillon",NA,NA
"2024_fish","72","Labridae","Notolabrus","parilus",0,-35.059,117.879,"2024-04-25T11:43:00+08:00",NA,NA,"Fished","2.7","Yes","Yes","Annika","Dillon",NA,NA
"2024_fish","72","Labridae","Unknown","spp",1,-35.059,117.879,"2024-04-25T11:43:00+08:00",NA,NA,"Fished","2.7","Yes","Yes","Annika","Dillon",NA,NA
"2024_fish","72","Monacanthidae","Acanthaluteres","spilomelanurus",2,-35.059,117.879,"2024-04-25T11:43:00+08:00",NA,NA,"Fished","2.7","Yes","Yes","Annika","Dillon",NA,NA
"2024_fish","72","Pinguipedidae","Parapercis","haackei",0,-35.059,117.879,"2024-04-25T11:43:00+08:00",NA,NA,"Fished","2.7","Yes","Yes","Annika","Dillon",NA,NA
"2024_fish","72","Sillaginidae","Sillaginodes","punctatus",0,-35.059,117.879,"2024-04-25T11:43:00+08:00",NA,NA,"Fished","2.7","Yes","Yes","Annika","Dillon",NA,NA
"2024_fish","72","Sparidae","Acanthopagrus","butcheri",0,-35.059,117.879,"2024-04-25T11:43:00+08:00",NA,NA,"Fished","2.7","Yes","Yes","Annika","Dillon",NA,NA
"2024_fish","72","Sphyraenidae","Sphyraena","novaehollandiae",0,-35.059,117.879,"2024-04-25T11:43:00+08:00",NA,NA,"Fished","2.7","Yes","Yes","Annika","Dillon",NA,NA
"2024_fish","72","Syngnathidae","Stigmatopora","argus",0,-35.059,117.879,"2024-04-25T11:43:00+08:00",NA,NA,"Fished","2.7","Yes","Yes","Annika","Dillon",NA,NA
"2024_fish","72","Terapontidae","Pelates","quadrilineatus",0,-35.059,117.879,"2024-04-25T11:43:00+08:00",NA,NA,"Fished","2.7","Yes","Yes","Annika","Dillon",NA,NA
"2024_fish","73","Apogonidae","Ostorhinchus","rueppellii",0,-35.059,117.877,"2024-04-25T11:45:00+08:00",NA,NA,"Fished","2.2","Yes","Yes","Dillon","Sylvie",NA,NA
"2024_fish","73","Carangidae","Pseudocaranx","georgianus",0,-35.059,117.877,"2024-04-25T11:45:00+08:00",NA,NA,"Fished","2.2","Yes","Yes","Dillon","Sylvie",NA,NA
"2024_fish","73","Carangidae","Pseudocaranx","wrighti",0,-35.059,117.877,"2024-04-25T11:45:00+08:00",NA,NA,"Fished","2.2","Yes","Yes","Dillon","Sylvie",NA,NA
"2024_fish","73","Labridae","Haletta","semifasciata",0,-35.059,117.877,"2024-04-25T11:45:00+08:00",NA,NA,"Fished","2.2","Yes","Yes","Dillon","Sylvie",NA,NA
"2024_fish","73","Labridae","Halichoeres","brownfieldi",0,-35.059,117.877,"2024-04-25T11:45:00+08:00",NA,NA,"Fished","2.2","Yes","Yes","Dillon","Sylvie",NA,NA
"2024_fish","73","Labridae","Neoodax","balteatus",0,-35.059,117.877,"2024-04-25T11:45:00+08:00",NA,NA,"Fished","2.2","Yes","Yes","Dillon","Sylvie",NA,NA
"2024_fish","73","Labridae","Notolabrus","parilus",0,-35.059,117.877,"2024-04-25T11:45:00+08:00",NA,NA,"Fished","2.2","Yes","Yes","Dillon","Sylvie",NA,NA
"2024_fish","73","Labridae","Unknown","spp",0,-35.059,117.877,"2024-04-25T11:45:00+08:00",NA,NA,"Fished","2.2","Yes","Yes","Dillon","Sylvie",NA,NA
"2024_fish","73","Monacanthidae","Acanthaluteres","spilomelanurus",0,-35.059,117.877,"2024-04-25T11:45:00+08:00",NA,NA,"Fished","2.2","Yes","Yes","Dillon","Sylvie",NA,NA
"2024_fish","73","Pinguipedidae","Parapercis","haackei",0,-35.059,117.877,"2024-04-25T11:45:00+08:00",NA,NA,"Fished","2.2","Yes","Yes","Dillon","Sylvie",NA,NA
"2024_fish","73","Sillaginidae","Sillaginodes","punctatus",0,-35.059,117.877,"2024-04-25T11:45:00+08:00",NA,NA,"Fished","2.2","Yes","Yes","Dillon","Sylvie",NA,NA
"2024_fish","73","Sparidae","Acanthopagrus","butcheri",0,-35.059,117.877,"2024-04-25T11:45:00+08:00",NA,NA,"Fished","2.2","Yes","Yes","Dillon","Sylvie",NA,NA
"2024_fish","73","Sphyraenidae","Sphyraena","novaehollandiae",0,-35.059,117.877,"2024-04-25T11:45:00+08:00",NA,NA,"Fished","2.2","Yes","Yes","Dillon","Sylvie",NA,NA
"2024_fish","73","Syngnathidae","Stigmatopora","argus",0,-35.059,117.877,"2024-04-25T11:45:00+08:00",NA,NA,"Fished","2.2","Yes","Yes","Dillon","Sylvie",NA,NA
"2024_fish","73","Terapontidae","Pelates","quadrilineatus",0,-35.059,117.877,"2024-04-25T11:45:00+08:00",NA,NA,"Fished","2.2","Yes","Yes","Dillon","Sylvie",NA,NA
"2024_fish","74","Apogonidae","Ostorhinchus","rueppellii",0,-35.056,117.872,"2024-04-25T12:00:00+08:00",NA,NA,"Fished","1.5","Yes","Yes","Dillon","Sylvie",NA,NA
"2024_fish","74","Carangidae","Pseudocaranx","georgianus",0,-35.056,117.872,"2024-04-25T12:00:00+08:00",NA,NA,"Fished","1.5","Yes","Yes","Dillon","Sylvie",NA,NA
"2024_fish","74","Carangidae","Pseudocaranx","wrighti",0,-35.056,117.872,"2024-04-25T12:00:00+08:00",NA,NA,"Fished","1.5","Yes","Yes","Dillon","Sylvie",NA,NA
"2024_fish","74","Labridae","Haletta","semifasciata",0,-35.056,117.872,"2024-04-25T12:00:00+08:00",NA,NA,"Fished","1.5","Yes","Yes","Dillon","Sylvie",NA,NA
"2024_fish","74","Labridae","Halichoeres","brownfieldi",0,-35.056,117.872,"2024-04-25T12:00:00+08:00",NA,NA,"Fished","1.5","Yes","Yes","Dillon","Sylvie",NA,NA
"2024_fish","74","Labridae","Neoodax","balteatus",0,-35.056,117.872,"2024-04-25T12:00:00+08:00",NA,NA,"Fished","1.5","Yes","Yes","Dillon","Sylvie",NA,NA
"2024_fish","74","Labridae","Notolabrus","parilus",0,-35.056,117.872,"2024-04-25T12:00:00+08:00",NA,NA,"Fished","1.5","Yes","Yes","Dillon","Sylvie",NA,NA
"2024_fish","74","Labridae","Unknown","spp",0,-35.056,117.872,"2024-04-25T12:00:00+08:00",NA,NA,"Fished","1.5","Yes","Yes","Dillon","Sylvie",NA,NA
"2024_fish","74","Monacanthidae","Acanthaluteres","spilomelanurus",0,-35.056,117.872,"2024-04-25T12:00:00+08:00",NA,NA,"Fished","1.5","Yes","Yes","Dillon","Sylvie",NA,NA
"2024_fish","74","Pinguipedidae","Parapercis","haackei",0,-35.056,117.872,"2024-04-25T12:00:00+08:00",NA,NA,"Fished","1.5","Yes","Yes","Dillon","Sylvie",NA,NA
"2024_fish","74","Sillaginidae","Sillaginodes","punctatus",9,-35.056,117.872,"2024-04-25T12:00:00+08:00",NA,NA,"Fished","1.5","Yes","Yes","Dillon","Sylvie",NA,NA
"2024_fish","74","Sparidae","Acanthopagrus","butcheri",0,-35.056,117.872,"2024-04-25T12:00:00+08:00",NA,NA,"Fished","1.5","Yes","Yes","Dillon","Sylvie",NA,NA
"2024_fish","74","Sphyraenidae","Sphyraena","novaehollandiae",0,-35.056,117.872,"2024-04-25T12:00:00+08:00",NA,NA,"Fished","1.5","Yes","Yes","Dillon","Sylvie",NA,NA
"2024_fish","74","Syngnathidae","Stigmatopora","argus",0,-35.056,117.872,"2024-04-25T12:00:00+08:00",NA,NA,"Fished","1.5","Yes","Yes","Dillon","Sylvie",NA,NA
"2024_fish","74","Terapontidae","Pelates","quadrilineatus",0,-35.056,117.872,"2024-04-25T12:00:00+08:00",NA,NA,"Fished","1.5","Yes","Yes","Dillon","Sylvie",NA,NA
"2024_fish","75","Apogonidae","Ostorhinchus","rueppellii",0,-35.04,117.865,"2024-04-25T12:16:00+08:00",NA,NA,"Fished","3.5","Yes","Yes","Sylvie","Joshua",NA,NA
"2024_fish","75","Carangidae","Pseudocaranx","georgianus",0,-35.04,117.865,"2024-04-25T12:16:00+08:00",NA,NA,"Fished","3.5","Yes","Yes","Sylvie","Joshua",NA,NA
"2024_fish","75","Carangidae","Pseudocaranx","wrighti",0,-35.04,117.865,"2024-04-25T12:16:00+08:00",NA,NA,"Fished","3.5","Yes","Yes","Sylvie","Joshua",NA,NA
"2024_fish","75","Labridae","Haletta","semifasciata",0,-35.04,117.865,"2024-04-25T12:16:00+08:00",NA,NA,"Fished","3.5","Yes","Yes","Sylvie","Joshua",NA,NA
"2024_fish","75","Labridae","Halichoeres","brownfieldi",0,-35.04,117.865,"2024-04-25T12:16:00+08:00",NA,NA,"Fished","3.5","Yes","Yes","Sylvie","Joshua",NA,NA
"2024_fish","75","Labridae","Neoodax","balteatus",0,-35.04,117.865,"2024-04-25T12:16:00+08:00",NA,NA,"Fished","3.5","Yes","Yes","Sylvie","Joshua",NA,NA
"2024_fish","75","Labridae","Notolabrus","parilus",0,-35.04,117.865,"2024-04-25T12:16:00+08:00",NA,NA,"Fished","3.5","Yes","Yes","Sylvie","Joshua",NA,NA
"2024_fish","75","Labridae","Unknown","spp",0,-35.04,117.865,"2024-04-25T12:16:00+08:00",NA,NA,"Fished","3.5","Yes","Yes","Sylvie","Joshua",NA,NA
"2024_fish","75","Monacanthidae","Acanthaluteres","spilomelanurus",0,-35.04,117.865,"2024-04-25T12:16:00+08:00",NA,NA,"Fished","3.5","Yes","Yes","Sylvie","Joshua",NA,NA
"2024_fish","75","Pinguipedidae","Parapercis","haackei",0,-35.04,117.865,"2024-04-25T12:16:00+08:00",NA,NA,"Fished","3.5","Yes","Yes","Sylvie","Joshua",NA,NA
"2024_fish","75","Sillaginidae","Sillaginodes","punctatus",0,-35.04,117.865,"2024-04-25T12:16:00+08:00",NA,NA,"Fished","3.5","Yes","Yes","Sylvie","Joshua",NA,NA
"2024_fish","75","Sparidae","Acanthopagrus","butcheri",0,-35.04,117.865,"2024-04-25T12:16:00+08:00",NA,NA,"Fished","3.5","Yes","Yes","Sylvie","Joshua",NA,NA
"2024_fish","75","Sphyraenidae","Sphyraena","novaehollandiae",0,-35.04,117.865,"2024-04-25T12:16:00+08:00",NA,NA,"Fished","3.5","Yes","Yes","Sylvie","Joshua",NA,NA
"2024_fish","75","Syngnathidae","Stigmatopora","argus",0,-35.04,117.865,"2024-04-25T12:16:00+08:00",NA,NA,"Fished","3.5","Yes","Yes","Sylvie","Joshua",NA,NA
"2024_fish","75","Terapontidae","Pelates","quadrilineatus",0,-35.04,117.865,"2024-04-25T12:16:00+08:00",NA,NA,"Fished","3.5","Yes","Yes","Sylvie","Joshua",NA,NA
"2024_fish","76","Apogonidae","Ostorhinchus","rueppellii",0,-35.037,117.862,"2023-04-25T12:27:00+08:00",NA,NA,"Fished","2.2","Yes","Yes","Dillon","Eden",NA,NA
"2024_fish","76","Carangidae","Pseudocaranx","georgianus",0,-35.037,117.862,"2023-04-25T12:27:00+08:00",NA,NA,"Fished","2.2","Yes","Yes","Dillon","Eden",NA,NA
"2024_fish","76","Carangidae","Pseudocaranx","wrighti",0,-35.037,117.862,"2023-04-25T12:27:00+08:00",NA,NA,"Fished","2.2","Yes","Yes","Dillon","Eden",NA,NA
"2024_fish","76","Labridae","Haletta","semifasciata",0,-35.037,117.862,"2023-04-25T12:27:00+08:00",NA,NA,"Fished","2.2","Yes","Yes","Dillon","Eden",NA,NA
"2024_fish","76","Labridae","Halichoeres","brownfieldi",0,-35.037,117.862,"2023-04-25T12:27:00+08:00",NA,NA,"Fished","2.2","Yes","Yes","Dillon","Eden",NA,NA
"2024_fish","76","Labridae","Neoodax","balteatus",0,-35.037,117.862,"2023-04-25T12:27:00+08:00",NA,NA,"Fished","2.2","Yes","Yes","Dillon","Eden",NA,NA
"2024_fish","76","Labridae","Notolabrus","parilus",0,-35.037,117.862,"2023-04-25T12:27:00+08:00",NA,NA,"Fished","2.2","Yes","Yes","Dillon","Eden",NA,NA
"2024_fish","76","Labridae","Unknown","spp",0,-35.037,117.862,"2023-04-25T12:27:00+08:00",NA,NA,"Fished","2.2","Yes","Yes","Dillon","Eden",NA,NA
"2024_fish","76","Monacanthidae","Acanthaluteres","spilomelanurus",0,-35.037,117.862,"2023-04-25T12:27:00+08:00",NA,NA,"Fished","2.2","Yes","Yes","Dillon","Eden",NA,NA
"2024_fish","76","Pinguipedidae","Parapercis","haackei",0,-35.037,117.862,"2023-04-25T12:27:00+08:00",NA,NA,"Fished","2.2","Yes","Yes","Dillon","Eden",NA,NA
"2024_fish","76","Sillaginidae","Sillaginodes","punctatus",10,-35.037,117.862,"2023-04-25T12:27:00+08:00",NA,NA,"Fished","2.2","Yes","Yes","Dillon","Eden",NA,NA
"2024_fish","76","Sparidae","Acanthopagrus","butcheri",0,-35.037,117.862,"2023-04-25T12:27:00+08:00",NA,NA,"Fished","2.2","Yes","Yes","Dillon","Eden",NA,NA
"2024_fish","76","Sphyraenidae","Sphyraena","novaehollandiae",0,-35.037,117.862,"2023-04-25T12:27:00+08:00",NA,NA,"Fished","2.2","Yes","Yes","Dillon","Eden",NA,NA
"2024_fish","76","Syngnathidae","Stigmatopora","argus",0,-35.037,117.862,"2023-04-25T12:27:00+08:00",NA,NA,"Fished","2.2","Yes","Yes","Dillon","Eden",NA,NA
"2024_fish","76","Terapontidae","Pelates","quadrilineatus",0,-35.037,117.862,"2023-04-25T12:27:00+08:00",NA,NA,"Fished","2.2","Yes","Yes","Dillon","Eden",NA,NA
"2024_fish","77","Apogonidae","Ostorhinchus","rueppellii",0,-35.033,117.864,"2024-04-25T12:44:00+08:00",NA,NA,"Fished","2.2","Yes","Yes","Michele","Dillon",NA,NA
"2024_fish","77","Carangidae","Pseudocaranx","georgianus",0,-35.033,117.864,"2024-04-25T12:44:00+08:00",NA,NA,"Fished","2.2","Yes","Yes","Michele","Dillon",NA,NA
"2024_fish","77","Carangidae","Pseudocaranx","wrighti",0,-35.033,117.864,"2024-04-25T12:44:00+08:00",NA,NA,"Fished","2.2","Yes","Yes","Michele","Dillon",NA,NA
"2024_fish","77","Labridae","Haletta","semifasciata",0,-35.033,117.864,"2024-04-25T12:44:00+08:00",NA,NA,"Fished","2.2","Yes","Yes","Michele","Dillon",NA,NA
"2024_fish","77","Labridae","Halichoeres","brownfieldi",0,-35.033,117.864,"2024-04-25T12:44:00+08:00",NA,NA,"Fished","2.2","Yes","Yes","Michele","Dillon",NA,NA
"2024_fish","77","Labridae","Neoodax","balteatus",1,-35.033,117.864,"2024-04-25T12:44:00+08:00",NA,NA,"Fished","2.2","Yes","Yes","Michele","Dillon",NA,NA
"2024_fish","77","Labridae","Notolabrus","parilus",0,-35.033,117.864,"2024-04-25T12:44:00+08:00",NA,NA,"Fished","2.2","Yes","Yes","Michele","Dillon",NA,NA
"2024_fish","77","Labridae","Unknown","spp",0,-35.033,117.864,"2024-04-25T12:44:00+08:00",NA,NA,"Fished","2.2","Yes","Yes","Michele","Dillon",NA,NA
"2024_fish","77","Monacanthidae","Acanthaluteres","spilomelanurus",0,-35.033,117.864,"2024-04-25T12:44:00+08:00",NA,NA,"Fished","2.2","Yes","Yes","Michele","Dillon",NA,NA
"2024_fish","77","Pinguipedidae","Parapercis","haackei",0,-35.033,117.864,"2024-04-25T12:44:00+08:00",NA,NA,"Fished","2.2","Yes","Yes","Michele","Dillon",NA,NA
"2024_fish","77","Sillaginidae","Sillaginodes","punctatus",0,-35.033,117.864,"2024-04-25T12:44:00+08:00",NA,NA,"Fished","2.2","Yes","Yes","Michele","Dillon",NA,NA
"2024_fish","77","Sparidae","Acanthopagrus","butcheri",0,-35.033,117.864,"2024-04-25T12:44:00+08:00",NA,NA,"Fished","2.2","Yes","Yes","Michele","Dillon",NA,NA
"2024_fish","77","Sphyraenidae","Sphyraena","novaehollandiae",1,-35.033,117.864,"2024-04-25T12:44:00+08:00",NA,NA,"Fished","2.2","Yes","Yes","Michele","Dillon",NA,NA
"2024_fish","77","Syngnathidae","Stigmatopora","argus",0,-35.033,117.864,"2024-04-25T12:44:00+08:00",NA,NA,"Fished","2.2","Yes","Yes","Michele","Dillon",NA,NA
"2024_fish","77","Terapontidae","Pelates","quadrilineatus",0,-35.033,117.864,"2024-04-25T12:44:00+08:00",NA,NA,"Fished","2.2","Yes","Yes","Michele","Dillon",NA,NA
"2024_fish","78","Apogonidae","Ostorhinchus","rueppellii",0,-35.032,117.865,"2023-04-25T12:46:00+08:00",NA,NA,"Fished","1.9","Yes","Yes","Dillon","Eden",NA,NA
"2024_fish","78","Carangidae","Pseudocaranx","georgianus",0,-35.032,117.865,"2023-04-25T12:46:00+08:00",NA,NA,"Fished","1.9","Yes","Yes","Dillon","Eden",NA,NA
"2024_fish","78","Carangidae","Pseudocaranx","wrighti",0,-35.032,117.865,"2023-04-25T12:46:00+08:00",NA,NA,"Fished","1.9","Yes","Yes","Dillon","Eden",NA,NA
"2024_fish","78","Labridae","Haletta","semifasciata",0,-35.032,117.865,"2023-04-25T12:46:00+08:00",NA,NA,"Fished","1.9","Yes","Yes","Dillon","Eden",NA,NA
"2024_fish","78","Labridae","Halichoeres","brownfieldi",0,-35.032,117.865,"2023-04-25T12:46:00+08:00",NA,NA,"Fished","1.9","Yes","Yes","Dillon","Eden",NA,NA
"2024_fish","78","Labridae","Neoodax","balteatus",0,-35.032,117.865,"2023-04-25T12:46:00+08:00",NA,NA,"Fished","1.9","Yes","Yes","Dillon","Eden",NA,NA
"2024_fish","78","Labridae","Notolabrus","parilus",0,-35.032,117.865,"2023-04-25T12:46:00+08:00",NA,NA,"Fished","1.9","Yes","Yes","Dillon","Eden",NA,NA
"2024_fish","78","Labridae","Unknown","spp",0,-35.032,117.865,"2023-04-25T12:46:00+08:00",NA,NA,"Fished","1.9","Yes","Yes","Dillon","Eden",NA,NA
"2024_fish","78","Monacanthidae","Acanthaluteres","spilomelanurus",0,-35.032,117.865,"2023-04-25T12:46:00+08:00",NA,NA,"Fished","1.9","Yes","Yes","Dillon","Eden",NA,NA
"2024_fish","78","Pinguipedidae","Parapercis","haackei",0,-35.032,117.865,"2023-04-25T12:46:00+08:00",NA,NA,"Fished","1.9","Yes","Yes","Dillon","Eden",NA,NA
"2024_fish","78","Sillaginidae","Sillaginodes","punctatus",0,-35.032,117.865,"2023-04-25T12:46:00+08:00",NA,NA,"Fished","1.9","Yes","Yes","Dillon","Eden",NA,NA
"2024_fish","78","Sparidae","Acanthopagrus","butcheri",0,-35.032,117.865,"2023-04-25T12:46:00+08:00",NA,NA,"Fished","1.9","Yes","Yes","Dillon","Eden",NA,NA
"2024_fish","78","Sphyraenidae","Sphyraena","novaehollandiae",0,-35.032,117.865,"2023-04-25T12:46:00+08:00",NA,NA,"Fished","1.9","Yes","Yes","Dillon","Eden",NA,NA
"2024_fish","78","Syngnathidae","Stigmatopora","argus",0,-35.032,117.865,"2023-04-25T12:46:00+08:00",NA,NA,"Fished","1.9","Yes","Yes","Dillon","Eden",NA,NA
"2024_fish","78","Terapontidae","Pelates","quadrilineatus",0,-35.032,117.865,"2023-04-25T12:46:00+08:00",NA,NA,"Fished","1.9","Yes","Yes","Dillon","Eden",NA,NA
"2024_fish","79","Apogonidae","Ostorhinchus","rueppellii",0,-35.034,117.87,"2024-04-25T13:03:00+08:00",NA,NA,"Fished","2.9","Yes","Yes","Dillon","Eden",NA,NA
"2024_fish","79","Carangidae","Pseudocaranx","georgianus",0,-35.034,117.87,"2024-04-25T13:03:00+08:00",NA,NA,"Fished","2.9","Yes","Yes","Dillon","Eden",NA,NA
"2024_fish","79","Carangidae","Pseudocaranx","wrighti",0,-35.034,117.87,"2024-04-25T13:03:00+08:00",NA,NA,"Fished","2.9","Yes","Yes","Dillon","Eden",NA,NA
"2024_fish","79","Labridae","Haletta","semifasciata",0,-35.034,117.87,"2024-04-25T13:03:00+08:00",NA,NA,"Fished","2.9","Yes","Yes","Dillon","Eden",NA,NA
"2024_fish","79","Labridae","Halichoeres","brownfieldi",0,-35.034,117.87,"2024-04-25T13:03:00+08:00",NA,NA,"Fished","2.9","Yes","Yes","Dillon","Eden",NA,NA
"2024_fish","79","Labridae","Neoodax","balteatus",0,-35.034,117.87,"2024-04-25T13:03:00+08:00",NA,NA,"Fished","2.9","Yes","Yes","Dillon","Eden",NA,NA
"2024_fish","79","Labridae","Notolabrus","parilus",0,-35.034,117.87,"2024-04-25T13:03:00+08:00",NA,NA,"Fished","2.9","Yes","Yes","Dillon","Eden",NA,NA
"2024_fish","79","Labridae","Unknown","spp",0,-35.034,117.87,"2024-04-25T13:03:00+08:00",NA,NA,"Fished","2.9","Yes","Yes","Dillon","Eden",NA,NA
"2024_fish","79","Monacanthidae","Acanthaluteres","spilomelanurus",0,-35.034,117.87,"2024-04-25T13:03:00+08:00",NA,NA,"Fished","2.9","Yes","Yes","Dillon","Eden",NA,NA
"2024_fish","79","Pinguipedidae","Parapercis","haackei",0,-35.034,117.87,"2024-04-25T13:03:00+08:00",NA,NA,"Fished","2.9","Yes","Yes","Dillon","Eden",NA,NA
"2024_fish","79","Sillaginidae","Sillaginodes","punctatus",12,-35.034,117.87,"2024-04-25T13:03:00+08:00",NA,NA,"Fished","2.9","Yes","Yes","Dillon","Eden",NA,NA
"2024_fish","79","Sparidae","Acanthopagrus","butcheri",0,-35.034,117.87,"2024-04-25T13:03:00+08:00",NA,NA,"Fished","2.9","Yes","Yes","Dillon","Eden",NA,NA
"2024_fish","79","Sphyraenidae","Sphyraena","novaehollandiae",0,-35.034,117.87,"2024-04-25T13:03:00+08:00",NA,NA,"Fished","2.9","Yes","Yes","Dillon","Eden",NA,NA
"2024_fish","79","Syngnathidae","Stigmatopora","argus",1,-35.034,117.87,"2024-04-25T13:03:00+08:00",NA,NA,"Fished","2.9","Yes","Yes","Dillon","Eden",NA,NA
"2024_fish","79","Terapontidae","Pelates","quadrilineatus",0,-35.034,117.87,"2024-04-25T13:03:00+08:00",NA,NA,"Fished","2.9","Yes","Yes","Dillon","Eden",NA,NA
"2024_fish","8","Apogonidae","Ostorhinchus","rueppellii",0,-35.068,117.904,"2024-04-25T10:14:00+08:00",NA,NA,"Fished","2.6","Yes","Yes","Eden","Michele",NA,NA
"2024_fish","8","Carangidae","Pseudocaranx","georgianus",0,-35.068,117.904,"2024-04-25T10:14:00+08:00",NA,NA,"Fished","2.6","Yes","Yes","Eden","Michele",NA,NA
"2024_fish","8","Carangidae","Pseudocaranx","wrighti",0,-35.068,117.904,"2024-04-25T10:14:00+08:00",NA,NA,"Fished","2.6","Yes","Yes","Eden","Michele",NA,NA
"2024_fish","8","Labridae","Haletta","semifasciata",0,-35.068,117.904,"2024-04-25T10:14:00+08:00",NA,NA,"Fished","2.6","Yes","Yes","Eden","Michele",NA,NA
"2024_fish","8","Labridae","Halichoeres","brownfieldi",0,-35.068,117.904,"2024-04-25T10:14:00+08:00",NA,NA,"Fished","2.6","Yes","Yes","Eden","Michele",NA,NA
"2024_fish","8","Labridae","Neoodax","balteatus",1,-35.068,117.904,"2024-04-25T10:14:00+08:00",NA,NA,"Fished","2.6","Yes","Yes","Eden","Michele",NA,NA
"2024_fish","8","Labridae","Notolabrus","parilus",0,-35.068,117.904,"2024-04-25T10:14:00+08:00",NA,NA,"Fished","2.6","Yes","Yes","Eden","Michele",NA,NA
"2024_fish","8","Labridae","Unknown","spp",0,-35.068,117.904,"2024-04-25T10:14:00+08:00",NA,NA,"Fished","2.6","Yes","Yes","Eden","Michele",NA,NA
"2024_fish","8","Monacanthidae","Acanthaluteres","spilomelanurus",0,-35.068,117.904,"2024-04-25T10:14:00+08:00",NA,NA,"Fished","2.6","Yes","Yes","Eden","Michele",NA,NA
"2024_fish","8","Pinguipedidae","Parapercis","haackei",0,-35.068,117.904,"2024-04-25T10:14:00+08:00",NA,NA,"Fished","2.6","Yes","Yes","Eden","Michele",NA,NA
"2024_fish","8","Sillaginidae","Sillaginodes","punctatus",0,-35.068,117.904,"2024-04-25T10:14:00+08:00",NA,NA,"Fished","2.6","Yes","Yes","Eden","Michele",NA,NA
"2024_fish","8","Sparidae","Acanthopagrus","butcheri",0,-35.068,117.904,"2024-04-25T10:14:00+08:00",NA,NA,"Fished","2.6","Yes","Yes","Eden","Michele",NA,NA
"2024_fish","8","Sphyraenidae","Sphyraena","novaehollandiae",0,-35.068,117.904,"2024-04-25T10:14:00+08:00",NA,NA,"Fished","2.6","Yes","Yes","Eden","Michele",NA,NA
"2024_fish","8","Syngnathidae","Stigmatopora","argus",0,-35.068,117.904,"2024-04-25T10:14:00+08:00",NA,NA,"Fished","2.6","Yes","Yes","Eden","Michele",NA,NA
"2024_fish","8","Terapontidae","Pelates","quadrilineatus",0,-35.068,117.904,"2024-04-25T10:14:00+08:00",NA,NA,"Fished","2.6","Yes","Yes","Eden","Michele",NA,NA
"2024_fish","80","Apogonidae","Ostorhinchus","rueppellii",0,-35.04,117.905,"2024-04-26T11:48:00+08:00",NA,NA,"Fished","14.4","Yes","Yes","Ryan","Annika",NA,NA
"2024_fish","80","Carangidae","Pseudocaranx","georgianus",0,-35.04,117.905,"2024-04-26T11:48:00+08:00",NA,NA,"Fished","14.4","Yes","Yes","Ryan","Annika",NA,NA
"2024_fish","80","Carangidae","Pseudocaranx","wrighti",0,-35.04,117.905,"2024-04-26T11:48:00+08:00",NA,NA,"Fished","14.4","Yes","Yes","Ryan","Annika",NA,NA
"2024_fish","80","Labridae","Haletta","semifasciata",0,-35.04,117.905,"2024-04-26T11:48:00+08:00",NA,NA,"Fished","14.4","Yes","Yes","Ryan","Annika",NA,NA
"2024_fish","80","Labridae","Halichoeres","brownfieldi",0,-35.04,117.905,"2024-04-26T11:48:00+08:00",NA,NA,"Fished","14.4","Yes","Yes","Ryan","Annika",NA,NA
"2024_fish","80","Labridae","Neoodax","balteatus",0,-35.04,117.905,"2024-04-26T11:48:00+08:00",NA,NA,"Fished","14.4","Yes","Yes","Ryan","Annika",NA,NA
"2024_fish","80","Labridae","Notolabrus","parilus",0,-35.04,117.905,"2024-04-26T11:48:00+08:00",NA,NA,"Fished","14.4","Yes","Yes","Ryan","Annika",NA,NA
"2024_fish","80","Labridae","Unknown","spp",0,-35.04,117.905,"2024-04-26T11:48:00+08:00",NA,NA,"Fished","14.4","Yes","Yes","Ryan","Annika",NA,NA
"2024_fish","80","Monacanthidae","Acanthaluteres","spilomelanurus",0,-35.04,117.905,"2024-04-26T11:48:00+08:00",NA,NA,"Fished","14.4","Yes","Yes","Ryan","Annika",NA,NA
"2024_fish","80","Pinguipedidae","Parapercis","haackei",0,-35.04,117.905,"2024-04-26T11:48:00+08:00",NA,NA,"Fished","14.4","Yes","Yes","Ryan","Annika",NA,NA
"2024_fish","80","Sillaginidae","Sillaginodes","punctatus",0,-35.04,117.905,"2024-04-26T11:48:00+08:00",NA,NA,"Fished","14.4","Yes","Yes","Ryan","Annika",NA,NA
"2024_fish","80","Sparidae","Acanthopagrus","butcheri",0,-35.04,117.905,"2024-04-26T11:48:00+08:00",NA,NA,"Fished","14.4","Yes","Yes","Ryan","Annika",NA,NA
"2024_fish","80","Sphyraenidae","Sphyraena","novaehollandiae",0,-35.04,117.905,"2024-04-26T11:48:00+08:00",NA,NA,"Fished","14.4","Yes","Yes","Ryan","Annika",NA,NA
"2024_fish","80","Syngnathidae","Stigmatopora","argus",0,-35.04,117.905,"2024-04-26T11:48:00+08:00",NA,NA,"Fished","14.4","Yes","Yes","Ryan","Annika",NA,NA
"2024_fish","80","Terapontidae","Pelates","quadrilineatus",0,-35.04,117.905,"2024-04-26T11:48:00+08:00",NA,NA,"Fished","14.4","Yes","Yes","Ryan","Annika",NA,NA
"2024_fish","83","Apogonidae","Ostorhinchus","rueppellii",0,-35.035,117.895,"2024-04-26T12:36:00+08:00",NA,NA,"Fished","14.8","Yes","Yes","Kirsten","Annika",NA,NA
"2024_fish","83","Carangidae","Pseudocaranx","georgianus",0,-35.035,117.895,"2024-04-26T12:36:00+08:00",NA,NA,"Fished","14.8","Yes","Yes","Kirsten","Annika",NA,NA
"2024_fish","83","Carangidae","Pseudocaranx","wrighti",0,-35.035,117.895,"2024-04-26T12:36:00+08:00",NA,NA,"Fished","14.8","Yes","Yes","Kirsten","Annika",NA,NA
"2024_fish","83","Labridae","Haletta","semifasciata",0,-35.035,117.895,"2024-04-26T12:36:00+08:00",NA,NA,"Fished","14.8","Yes","Yes","Kirsten","Annika",NA,NA
"2024_fish","83","Labridae","Halichoeres","brownfieldi",0,-35.035,117.895,"2024-04-26T12:36:00+08:00",NA,NA,"Fished","14.8","Yes","Yes","Kirsten","Annika",NA,NA
"2024_fish","83","Labridae","Neoodax","balteatus",0,-35.035,117.895,"2024-04-26T12:36:00+08:00",NA,NA,"Fished","14.8","Yes","Yes","Kirsten","Annika",NA,NA
"2024_fish","83","Labridae","Notolabrus","parilus",0,-35.035,117.895,"2024-04-26T12:36:00+08:00",NA,NA,"Fished","14.8","Yes","Yes","Kirsten","Annika",NA,NA
"2024_fish","83","Labridae","Unknown","spp",0,-35.035,117.895,"2024-04-26T12:36:00+08:00",NA,NA,"Fished","14.8","Yes","Yes","Kirsten","Annika",NA,NA
"2024_fish","83","Monacanthidae","Acanthaluteres","spilomelanurus",0,-35.035,117.895,"2024-04-26T12:36:00+08:00",NA,NA,"Fished","14.8","Yes","Yes","Kirsten","Annika",NA,NA
"2024_fish","83","Pinguipedidae","Parapercis","haackei",0,-35.035,117.895,"2024-04-26T12:36:00+08:00",NA,NA,"Fished","14.8","Yes","Yes","Kirsten","Annika",NA,NA
"2024_fish","83","Sillaginidae","Sillaginodes","punctatus",0,-35.035,117.895,"2024-04-26T12:36:00+08:00",NA,NA,"Fished","14.8","Yes","Yes","Kirsten","Annika",NA,NA
"2024_fish","83","Sparidae","Acanthopagrus","butcheri",0,-35.035,117.895,"2024-04-26T12:36:00+08:00",NA,NA,"Fished","14.8","Yes","Yes","Kirsten","Annika",NA,NA
"2024_fish","83","Sphyraenidae","Sphyraena","novaehollandiae",0,-35.035,117.895,"2024-04-26T12:36:00+08:00",NA,NA,"Fished","14.8","Yes","Yes","Kirsten","Annika",NA,NA
"2024_fish","83","Syngnathidae","Stigmatopora","argus",0,-35.035,117.895,"2024-04-26T12:36:00+08:00",NA,NA,"Fished","14.8","Yes","Yes","Kirsten","Annika",NA,NA
"2024_fish","83","Terapontidae","Pelates","quadrilineatus",0,-35.035,117.895,"2024-04-26T12:36:00+08:00",NA,NA,"Fished","14.8","Yes","Yes","Kirsten","Annika",NA,NA
"2024_fish","85","Apogonidae","Ostorhinchus","rueppellii",0,-35.033,117.886,"2024-04-26T12:52:00+08:00",NA,NA,"Fished","8.1","Yes","Yes","Joshua","Annika",NA,NA
"2024_fish","85","Carangidae","Pseudocaranx","georgianus",0,-35.033,117.886,"2024-04-26T12:52:00+08:00",NA,NA,"Fished","8.1","Yes","Yes","Joshua","Annika",NA,NA
"2024_fish","85","Carangidae","Pseudocaranx","wrighti",0,-35.033,117.886,"2024-04-26T12:52:00+08:00",NA,NA,"Fished","8.1","Yes","Yes","Joshua","Annika",NA,NA
"2024_fish","85","Labridae","Haletta","semifasciata",0,-35.033,117.886,"2024-04-26T12:52:00+08:00",NA,NA,"Fished","8.1","Yes","Yes","Joshua","Annika",NA,NA
"2024_fish","85","Labridae","Halichoeres","brownfieldi",0,-35.033,117.886,"2024-04-26T12:52:00+08:00",NA,NA,"Fished","8.1","Yes","Yes","Joshua","Annika",NA,NA
"2024_fish","85","Labridae","Neoodax","balteatus",0,-35.033,117.886,"2024-04-26T12:52:00+08:00",NA,NA,"Fished","8.1","Yes","Yes","Joshua","Annika",NA,NA
"2024_fish","85","Labridae","Notolabrus","parilus",0,-35.033,117.886,"2024-04-26T12:52:00+08:00",NA,NA,"Fished","8.1","Yes","Yes","Joshua","Annika",NA,NA
"2024_fish","85","Labridae","Unknown","spp",0,-35.033,117.886,"2024-04-26T12:52:00+08:00",NA,NA,"Fished","8.1","Yes","Yes","Joshua","Annika",NA,NA
"2024_fish","85","Monacanthidae","Acanthaluteres","spilomelanurus",0,-35.033,117.886,"2024-04-26T12:52:00+08:00",NA,NA,"Fished","8.1","Yes","Yes","Joshua","Annika",NA,NA
"2024_fish","85","Pinguipedidae","Parapercis","haackei",0,-35.033,117.886,"2024-04-26T12:52:00+08:00",NA,NA,"Fished","8.1","Yes","Yes","Joshua","Annika",NA,NA
"2024_fish","85","Sillaginidae","Sillaginodes","punctatus",0,-35.033,117.886,"2024-04-26T12:52:00+08:00",NA,NA,"Fished","8.1","Yes","Yes","Joshua","Annika",NA,NA
"2024_fish","85","Sparidae","Acanthopagrus","butcheri",0,-35.033,117.886,"2024-04-26T12:52:00+08:00",NA,NA,"Fished","8.1","Yes","Yes","Joshua","Annika",NA,NA
"2024_fish","85","Sphyraenidae","Sphyraena","novaehollandiae",0,-35.033,117.886,"2024-04-26T12:52:00+08:00",NA,NA,"Fished","8.1","Yes","Yes","Joshua","Annika",NA,NA
"2024_fish","85","Syngnathidae","Stigmatopora","argus",0,-35.033,117.886,"2024-04-26T12:52:00+08:00",NA,NA,"Fished","8.1","Yes","Yes","Joshua","Annika",NA,NA
"2024_fish","85","Terapontidae","Pelates","quadrilineatus",0,-35.033,117.886,"2024-04-26T12:52:00+08:00",NA,NA,"Fished","8.1","Yes","Yes","Joshua","Annika",NA,NA
"2024_fish","86","Apogonidae","Ostorhinchus","rueppellii",0,-35.034,117.883,"2024-04-26T13:02:00+08:00",NA,NA,"Fished","5.3","Yes","Yes","Zach","Annika",NA,NA
"2024_fish","86","Carangidae","Pseudocaranx","georgianus",0,-35.034,117.883,"2024-04-26T13:02:00+08:00",NA,NA,"Fished","5.3","Yes","Yes","Zach","Annika",NA,NA
"2024_fish","86","Carangidae","Pseudocaranx","wrighti",0,-35.034,117.883,"2024-04-26T13:02:00+08:00",NA,NA,"Fished","5.3","Yes","Yes","Zach","Annika",NA,NA
"2024_fish","86","Labridae","Haletta","semifasciata",0,-35.034,117.883,"2024-04-26T13:02:00+08:00",NA,NA,"Fished","5.3","Yes","Yes","Zach","Annika",NA,NA
"2024_fish","86","Labridae","Halichoeres","brownfieldi",0,-35.034,117.883,"2024-04-26T13:02:00+08:00",NA,NA,"Fished","5.3","Yes","Yes","Zach","Annika",NA,NA
"2024_fish","86","Labridae","Neoodax","balteatus",0,-35.034,117.883,"2024-04-26T13:02:00+08:00",NA,NA,"Fished","5.3","Yes","Yes","Zach","Annika",NA,NA
"2024_fish","86","Labridae","Notolabrus","parilus",0,-35.034,117.883,"2024-04-26T13:02:00+08:00",NA,NA,"Fished","5.3","Yes","Yes","Zach","Annika",NA,NA
"2024_fish","86","Labridae","Unknown","spp",0,-35.034,117.883,"2024-04-26T13:02:00+08:00",NA,NA,"Fished","5.3","Yes","Yes","Zach","Annika",NA,NA
"2024_fish","86","Monacanthidae","Acanthaluteres","spilomelanurus",0,-35.034,117.883,"2024-04-26T13:02:00+08:00",NA,NA,"Fished","5.3","Yes","Yes","Zach","Annika",NA,NA
"2024_fish","86","Pinguipedidae","Parapercis","haackei",0,-35.034,117.883,"2024-04-26T13:02:00+08:00",NA,NA,"Fished","5.3","Yes","Yes","Zach","Annika",NA,NA
"2024_fish","86","Sillaginidae","Sillaginodes","punctatus",0,-35.034,117.883,"2024-04-26T13:02:00+08:00",NA,NA,"Fished","5.3","Yes","Yes","Zach","Annika",NA,NA
"2024_fish","86","Sparidae","Acanthopagrus","butcheri",0,-35.034,117.883,"2024-04-26T13:02:00+08:00",NA,NA,"Fished","5.3","Yes","Yes","Zach","Annika",NA,NA
"2024_fish","86","Sphyraenidae","Sphyraena","novaehollandiae",0,-35.034,117.883,"2024-04-26T13:02:00+08:00",NA,NA,"Fished","5.3","Yes","Yes","Zach","Annika",NA,NA
"2024_fish","86","Syngnathidae","Stigmatopora","argus",0,-35.034,117.883,"2024-04-26T13:02:00+08:00",NA,NA,"Fished","5.3","Yes","Yes","Zach","Annika",NA,NA
"2024_fish","86","Terapontidae","Pelates","quadrilineatus",0,-35.034,117.883,"2024-04-26T13:02:00+08:00",NA,NA,"Fished","5.3","Yes","Yes","Zach","Annika",NA,NA
"2024_fish","87","Apogonidae","Ostorhinchus","rueppellii",0,-35.031,117.883,"2024-04-26T13:10:00+08:00",NA,NA,"Fished","3.4","Yes","Yes","Annika","Sylvie",NA,NA
"2024_fish","87","Carangidae","Pseudocaranx","georgianus",0,-35.031,117.883,"2024-04-26T13:10:00+08:00",NA,NA,"Fished","3.4","Yes","Yes","Annika","Sylvie",NA,NA
"2024_fish","87","Carangidae","Pseudocaranx","wrighti",0,-35.031,117.883,"2024-04-26T13:10:00+08:00",NA,NA,"Fished","3.4","Yes","Yes","Annika","Sylvie",NA,NA
"2024_fish","87","Labridae","Haletta","semifasciata",0,-35.031,117.883,"2024-04-26T13:10:00+08:00",NA,NA,"Fished","3.4","Yes","Yes","Annika","Sylvie",NA,NA
"2024_fish","87","Labridae","Halichoeres","brownfieldi",0,-35.031,117.883,"2024-04-26T13:10:00+08:00",NA,NA,"Fished","3.4","Yes","Yes","Annika","Sylvie",NA,NA
"2024_fish","87","Labridae","Neoodax","balteatus",0,-35.031,117.883,"2024-04-26T13:10:00+08:00",NA,NA,"Fished","3.4","Yes","Yes","Annika","Sylvie",NA,NA
"2024_fish","87","Labridae","Notolabrus","parilus",0,-35.031,117.883,"2024-04-26T13:10:00+08:00",NA,NA,"Fished","3.4","Yes","Yes","Annika","Sylvie",NA,NA
"2024_fish","87","Labridae","Unknown","spp",0,-35.031,117.883,"2024-04-26T13:10:00+08:00",NA,NA,"Fished","3.4","Yes","Yes","Annika","Sylvie",NA,NA
"2024_fish","87","Monacanthidae","Acanthaluteres","spilomelanurus",0,-35.031,117.883,"2024-04-26T13:10:00+08:00",NA,NA,"Fished","3.4","Yes","Yes","Annika","Sylvie",NA,NA
"2024_fish","87","Pinguipedidae","Parapercis","haackei",0,-35.031,117.883,"2024-04-26T13:10:00+08:00",NA,NA,"Fished","3.4","Yes","Yes","Annika","Sylvie",NA,NA
"2024_fish","87","Sillaginidae","Sillaginodes","punctatus",0,-35.031,117.883,"2024-04-26T13:10:00+08:00",NA,NA,"Fished","3.4","Yes","Yes","Annika","Sylvie",NA,NA
"2024_fish","87","Sparidae","Acanthopagrus","butcheri",0,-35.031,117.883,"2024-04-26T13:10:00+08:00",NA,NA,"Fished","3.4","Yes","Yes","Annika","Sylvie",NA,NA
"2024_fish","87","Sphyraenidae","Sphyraena","novaehollandiae",0,-35.031,117.883,"2024-04-26T13:10:00+08:00",NA,NA,"Fished","3.4","Yes","Yes","Annika","Sylvie",NA,NA
"2024_fish","87","Syngnathidae","Stigmatopora","argus",0,-35.031,117.883,"2024-04-26T13:10:00+08:00",NA,NA,"Fished","3.4","Yes","Yes","Annika","Sylvie",NA,NA
"2024_fish","87","Terapontidae","Pelates","quadrilineatus",0,-35.031,117.883,"2024-04-26T13:10:00+08:00",NA,NA,"Fished","3.4","Yes","Yes","Annika","Sylvie",NA,NA
"2024_fish","88","Apogonidae","Ostorhinchus","rueppellii",0,-35.03,117.884,"2024-04-26T13:11:00+08:00",NA,NA,"Fished","2.2","Yes","Yes","Joshua","Annika",NA,NA
"2024_fish","88","Carangidae","Pseudocaranx","georgianus",0,-35.03,117.884,"2024-04-26T13:11:00+08:00",NA,NA,"Fished","2.2","Yes","Yes","Joshua","Annika",NA,NA
"2024_fish","88","Carangidae","Pseudocaranx","wrighti",0,-35.03,117.884,"2024-04-26T13:11:00+08:00",NA,NA,"Fished","2.2","Yes","Yes","Joshua","Annika",NA,NA
"2024_fish","88","Labridae","Haletta","semifasciata",0,-35.03,117.884,"2024-04-26T13:11:00+08:00",NA,NA,"Fished","2.2","Yes","Yes","Joshua","Annika",NA,NA
"2024_fish","88","Labridae","Halichoeres","brownfieldi",0,-35.03,117.884,"2024-04-26T13:11:00+08:00",NA,NA,"Fished","2.2","Yes","Yes","Joshua","Annika",NA,NA
"2024_fish","88","Labridae","Neoodax","balteatus",0,-35.03,117.884,"2024-04-26T13:11:00+08:00",NA,NA,"Fished","2.2","Yes","Yes","Joshua","Annika",NA,NA
"2024_fish","88","Labridae","Notolabrus","parilus",0,-35.03,117.884,"2024-04-26T13:11:00+08:00",NA,NA,"Fished","2.2","Yes","Yes","Joshua","Annika",NA,NA
"2024_fish","88","Labridae","Unknown","spp",0,-35.03,117.884,"2024-04-26T13:11:00+08:00",NA,NA,"Fished","2.2","Yes","Yes","Joshua","Annika",NA,NA
"2024_fish","88","Monacanthidae","Acanthaluteres","spilomelanurus",0,-35.03,117.884,"2024-04-26T13:11:00+08:00",NA,NA,"Fished","2.2","Yes","Yes","Joshua","Annika",NA,NA
"2024_fish","88","Pinguipedidae","Parapercis","haackei",0,-35.03,117.884,"2024-04-26T13:11:00+08:00",NA,NA,"Fished","2.2","Yes","Yes","Joshua","Annika",NA,NA
"2024_fish","88","Sillaginidae","Sillaginodes","punctatus",54,-35.03,117.884,"2024-04-26T13:11:00+08:00",NA,NA,"Fished","2.2","Yes","Yes","Joshua","Annika",NA,NA
"2024_fish","88","Sparidae","Acanthopagrus","butcheri",0,-35.03,117.884,"2024-04-26T13:11:00+08:00",NA,NA,"Fished","2.2","Yes","Yes","Joshua","Annika",NA,NA
"2024_fish","88","Sphyraenidae","Sphyraena","novaehollandiae",0,-35.03,117.884,"2024-04-26T13:11:00+08:00",NA,NA,"Fished","2.2","Yes","Yes","Joshua","Annika",NA,NA
"2024_fish","88","Syngnathidae","Stigmatopora","argus",0,-35.03,117.884,"2024-04-26T13:11:00+08:00",NA,NA,"Fished","2.2","Yes","Yes","Joshua","Annika",NA,NA
"2024_fish","88","Terapontidae","Pelates","quadrilineatus",0,-35.03,117.884,"2024-04-26T13:11:00+08:00",NA,NA,"Fished","2.2","Yes","Yes","Joshua","Annika",NA,NA
