"campaignid","caab_code","number","opcode","latitude_dd","longitude_dd","date_time","site","location","status","depth_m","successful_count","successful_length","zone","marine_region","observer_count","observer_length","inclusion_probability","visibility_m","level_1","level_2","level_3","level_4","level_5","level_6","level_7","level_8","family","genus","species"
"2024_Albany_stereo-BRUVs","82003001",7,"1",-35.037,117.893,"2024-04-26T12:38:00+08:00",NA,NA,"Fished","11.4","Yes","Yes",NA,"South-west","Joshua","Annika",NA,NA,"Physical","Relief","Flat",NA,"0",NA,NA,NA,NA,NA,NA
"2024_Albany_stereo-BRUVs","82003003",3,"1",-35.037,117.893,"2024-04-26T12:38:00+08:00",NA,NA,"Fished","11.4","Yes","Yes",NA,"South-west","Joshua","Annika",NA,NA,"Physical","Relief","Low / moderate","Low (<1m)","1",NA,NA,NA,NA,NA,NA
"2024_Albany_stereo-BRUVs","82003004",0,"1",-35.037,117.893,"2024-04-26T12:38:00+08:00",NA,NA,"Fished","11.4","Yes","Yes",NA,"South-west","Joshua","Annika",NA,NA,"Physical","Relief","Low / moderate","Moderate (1-3m)","2",NA,NA,NA,NA,NA,NA
"2024_Albany_stereo-BRUVs",NA,0,"1",-35.037,117.893,"2024-04-26T12:38:00+08:00",NA,NA,"Fished","11.4","Yes","Yes",NA,"South-west","Joshua","Annika",NA,NA,NA,NA,NA,NA,NA,NA,NA,NA,NA,NA,NA
"2024_Albany_stereo-BRUVs","82003001",7,NA,NA,NA,NA,NA,NA,NA,NA,NA,NA,NA,NA,NA,NA,NA,NA,"Physical","Relief","Flat",NA,"0",NA,NA,NA,NA,NA,NA
"2024_Albany_stereo-BRUVs","82003003",3,NA,NA,NA,NA,NA,NA,NA,NA,NA,NA,NA,NA,NA,NA,NA,NA,"Physical","Relief","Low / moderate","Low (<1m)","1",NA,NA,NA,NA,NA,NA
"2024_Albany_stereo-BRUVs","82003004",0,NA,NA,NA,NA,NA,NA,NA,NA,NA,NA,NA,NA,NA,NA,NA,NA,"Physical","Relief","Low / moderate","Moderate (1-3m)","2",NA,NA,NA,NA,NA,NA
"2024_Albany_stereo-BRUVs",NA,0,NA,NA,NA,NA,NA,NA,NA,NA,NA,NA,NA,NA,NA,NA,NA,NA,NA,NA,NA,NA,NA,NA,NA,NA,NA,NA,NA
"2024_Albany_stereo-BRUVs","82003001",10,NA,NA,NA,NA,NA,NA,NA,NA,NA,NA,NA,NA,NA,NA,NA,NA,"Physical","Relief","Flat",NA,"0",NA,NA,NA,NA,NA,NA
"2024_Albany_stereo-BRUVs","82003003",0,NA,NA,NA,NA,NA,NA,NA,NA,NA,NA,NA,NA,NA,NA,NA,NA,"Physical","Relief","Low / moderate","Low (<1m)","1",NA,NA,NA,NA,NA,NA
"2024_Albany_stereo-BRUVs","82003004",0,NA,NA,NA,NA,NA,NA,NA,NA,NA,NA,NA,NA,NA,NA,NA,NA,"Physical","Relief","Low / moderate","Moderate (1-3m)","2",NA,NA,NA,NA,NA,NA
"2024_Albany_stereo-BRUVs",NA,0,NA,NA,NA,NA,NA,NA,NA,NA,NA,NA,NA,NA,NA,NA,NA,NA,NA,NA,NA,NA,NA,NA,NA,NA,NA,NA,NA
"2024_Albany_stereo-BRUVs","82003001",5,NA,NA,NA,NA,NA,NA,NA,NA,NA,NA,NA,NA,NA,NA,NA,NA,"Physical","Relief","Flat",NA,"0",NA,NA,NA,NA,NA,NA
"2024_Albany_stereo-BRUVs","82003003",5,NA,NA,NA,NA,NA,NA,NA,NA,NA,NA,NA,NA,NA,NA,NA,NA,"Physical","Relief","Low / moderate","Low (<1m)","1",NA,NA,NA,NA,NA,NA
"2024_Albany_stereo-BRUVs","82003004",0,NA,NA,NA,NA,NA,NA,NA,NA,NA,NA,NA,NA,NA,NA,NA,NA,"Physical","Relief","Low / moderate","Moderate (1-3m)","2",NA,NA,NA,NA,NA,NA
"2024_Albany_stereo-BRUVs",NA,0,NA,NA,NA,NA,NA,NA,NA,NA,NA,NA,NA,NA,NA,NA,NA,NA,NA,NA,NA,NA,NA,NA,NA,NA,NA,NA,NA
"2024_Albany_stereo-BRUVs","82003001",11,NA,NA,NA,NA,NA,NA,NA,NA,NA,NA,NA,NA,NA,NA,NA,NA,"Physical","Relief","Flat",NA,"0",NA,NA,NA,NA,NA,NA
"2024_Albany_stereo-BRUVs","82003003",0,NA,NA,NA,NA,NA,NA,NA,NA,NA,NA,NA,NA,NA,NA,NA,NA,"Physical","Relief","Low / moderate","Low (<1m)","1",NA,NA,NA,NA,NA,NA
"2024_Albany_stereo-BRUVs","82003004",0,NA,NA,NA,NA,NA,NA,NA,NA,NA,NA,NA,NA,NA,NA,NA,NA,"Physical","Relief","Low / moderate","Moderate (1-3m)","2",NA,NA,NA,NA,NA,NA
"2024_Albany_stereo-BRUVs",NA,0,NA,NA,NA,NA,NA,NA,NA,NA,NA,NA,NA,NA,NA,NA,NA,NA,NA,NA,NA,NA,NA,NA,NA,NA,NA,NA,NA
"2024_Albany_stereo-BRUVs","82003001",0,NA,NA,NA,NA,NA,NA,NA,NA,NA,NA,NA,NA,NA,NA,NA,NA,"Physical","Relief","Flat",NA,"0",NA,NA,NA,NA,NA,NA
"2024_Albany_stereo-BRUVs","82003003",0,NA,NA,NA,NA,NA,NA,NA,NA,NA,NA,NA,NA,NA,NA,NA,NA,"Physical","Relief","Low / moderate","Low (<1m)","1",NA,NA,NA,NA,NA,NA
"2024_Albany_stereo-BRUVs","82003004",10,NA,NA,NA,NA,NA,NA,NA,NA,NA,NA,NA,NA,NA,NA,NA,NA,"Physical","Relief","Low / moderate","Moderate (1-3m)","2",NA,NA,NA,NA,NA,NA
"2024_Albany_stereo-BRUVs",NA,0,NA,NA,NA,NA,NA,NA,NA,NA,NA,NA,NA,NA,NA,NA,NA,NA,NA,NA,NA,NA,NA,NA,NA,NA,NA,NA,NA
"2024_Albany_stereo-BRUVs","82003001",8,NA,NA,NA,NA,NA,NA,NA,NA,NA,NA,NA,NA,NA,NA,NA,NA,"Physical","Relief","Flat",NA,"0",NA,NA,NA,NA,NA,NA
"2024_Albany_stereo-BRUVs","82003003",2,NA,NA,NA,NA,NA,NA,NA,NA,NA,NA,NA,NA,NA,NA,NA,NA,"Physical","Relief","Low / moderate","Low (<1m)","1",NA,NA,NA,NA,NA,NA
"2024_Albany_stereo-BRUVs","82003004",0,NA,NA,NA,NA,NA,NA,NA,NA,NA,NA,NA,NA,NA,NA,NA,NA,"Physical","Relief","Low / moderate","Moderate (1-3m)","2",NA,NA,NA,NA,NA,NA
"2024_Albany_stereo-BRUVs",NA,0,NA,NA,NA,NA,NA,NA,NA,NA,NA,NA,NA,NA,NA,NA,NA,NA,NA,NA,NA,NA,NA,NA,NA,NA,NA,NA,NA
"2024_Albany_stereo-BRUVs","82003001",0,NA,NA,NA,NA,NA,NA,NA,NA,NA,NA,NA,NA,NA,NA,NA,NA,"Physical","Relief","Flat",NA,"0",NA,NA,NA,NA,NA,NA
"2024_Albany_stereo-BRUVs","82003003",10,NA,NA,NA,NA,NA,NA,NA,NA,NA,NA,NA,NA,NA,NA,NA,NA,"Physical","Relief","Low / moderate","Low (<1m)","1",NA,NA,NA,NA,NA,NA
"2024_Albany_stereo-BRUVs","82003004",0,NA,NA,NA,NA,NA,NA,NA,NA,NA,NA,NA,NA,NA,NA,NA,NA,"Physical","Relief","Low / moderate","Moderate (1-3m)","2",NA,NA,NA,NA,NA,NA
"2024_Albany_stereo-BRUVs",NA,0,NA,NA,NA,NA,NA,NA,NA,NA,NA,NA,NA,NA,NA,NA,NA,NA,NA,NA,NA,NA,NA,NA,NA,NA,NA,NA,NA
"2024_Albany_stereo-BRUVs","82003001",4,NA,NA,NA,NA,NA,NA,NA,NA,NA,NA,NA,NA,NA,NA,NA,NA,"Physical","Relief","Flat",NA,"0",NA,NA,NA,NA,NA,NA
"2024_Albany_stereo-BRUVs","82003003",1,NA,NA,NA,NA,NA,NA,NA,NA,NA,NA,NA,NA,NA,NA,NA,NA,"Physical","Relief","Low / moderate","Low (<1m)","1",NA,NA,NA,NA,NA,NA
"2024_Albany_stereo-BRUVs","82003004",5,NA,NA,NA,NA,NA,NA,NA,NA,NA,NA,NA,NA,NA,NA,NA,NA,"Physical","Relief","Low / moderate","Moderate (1-3m)","2",NA,NA,NA,NA,NA,NA
"2024_Albany_stereo-BRUVs",NA,0,NA,NA,NA,NA,NA,NA,NA,NA,NA,NA,NA,NA,NA,NA,NA,NA,NA,NA,NA,NA,NA,NA,NA,NA,NA,NA,NA
"2024_Albany_stereo-BRUVs","82003001",0,NA,NA,NA,NA,NA,NA,NA,NA,NA,NA,NA,NA,NA,NA,NA,NA,"Physical","Relief","Flat",NA,"0",NA,NA,NA,NA,NA,NA
"2024_Albany_stereo-BRUVs","82003003",1,NA,NA,NA,NA,NA,NA,NA,NA,NA,NA,NA,NA,NA,NA,NA,NA,"Physical","Relief","Low / moderate","Low (<1m)","1",NA,NA,NA,NA,NA,NA
"2024_Albany_stereo-BRUVs","82003004",9,NA,NA,NA,NA,NA,NA,NA,NA,NA,NA,NA,NA,NA,NA,NA,NA,"Physical","Relief","Low / moderate","Moderate (1-3m)","2",NA,NA,NA,NA,NA,NA
"2024_Albany_stereo-BRUVs",NA,0,NA,NA,NA,NA,NA,NA,NA,NA,NA,NA,NA,NA,NA,NA,NA,NA,NA,NA,NA,NA,NA,NA,NA,NA,NA,NA,NA
"2024_Albany_stereo-BRUVs","82003001",5,NA,NA,NA,NA,NA,NA,NA,NA,NA,NA,NA,NA,NA,NA,NA,NA,"Physical","Relief","Flat",NA,"0",NA,NA,NA,NA,NA,NA
"2024_Albany_stereo-BRUVs","82003003",2,NA,NA,NA,NA,NA,NA,NA,NA,NA,NA,NA,NA,NA,NA,NA,NA,"Physical","Relief","Low / moderate","Low (<1m)","1",NA,NA,NA,NA,NA,NA
"2024_Albany_stereo-BRUVs","82003004",3,NA,NA,NA,NA,NA,NA,NA,NA,NA,NA,NA,NA,NA,NA,NA,NA,"Physical","Relief","Low / moderate","Moderate (1-3m)","2",NA,NA,NA,NA,NA,NA
"2024_Albany_stereo-BRUVs",NA,0,NA,NA,NA,NA,NA,NA,NA,NA,NA,NA,NA,NA,NA,NA,NA,NA,NA,NA,NA,NA,NA,NA,NA,NA,NA,NA,NA
"2024_Albany_stereo-BRUVs","82003001",0,"11",-35.054,117.872,"2024-04-25T12:02:00+08:00",NA,NA,"Fished","1.7","Yes","Yes",NA,"South-west","Michele","Joshua",NA,NA,"Physical","Relief","Flat",NA,"0",NA,NA,NA,NA,NA,NA
"2024_Albany_stereo-BRUVs","82003003",0,"11",-35.054,117.872,"2024-04-25T12:02:00+08:00",NA,NA,"Fished","1.7","Yes","Yes",NA,"South-west","Michele","Joshua",NA,NA,"Physical","Relief","Low / moderate","Low (<1m)","1",NA,NA,NA,NA,NA,NA
"2024_Albany_stereo-BRUVs","82003004",10,"11",-35.054,117.872,"2024-04-25T12:02:00+08:00",NA,NA,"Fished","1.7","Yes","Yes",NA,"South-west","Michele","Joshua",NA,NA,"Physical","Relief","Low / moderate","Moderate (1-3m)","2",NA,NA,NA,NA,NA,NA
"2024_Albany_stereo-BRUVs",NA,0,"11",-35.054,117.872,"2024-04-25T12:02:00+08:00",NA,NA,"Fished","1.7","Yes","Yes",NA,"South-west","Michele","Joshua",NA,NA,NA,NA,NA,NA,NA,NA,NA,NA,NA,NA,NA
"2024_Albany_stereo-BRUVs","82003001",9,NA,NA,NA,NA,NA,NA,NA,NA,NA,NA,NA,NA,NA,NA,NA,NA,"Physical","Relief","Flat",NA,"0",NA,NA,NA,NA,NA,NA
"2024_Albany_stereo-BRUVs","82003003",1,NA,NA,NA,NA,NA,NA,NA,NA,NA,NA,NA,NA,NA,NA,NA,NA,"Physical","Relief","Low / moderate","Low (<1m)","1",NA,NA,NA,NA,NA,NA
"2024_Albany_stereo-BRUVs","82003004",0,NA,NA,NA,NA,NA,NA,NA,NA,NA,NA,NA,NA,NA,NA,NA,NA,"Physical","Relief","Low / moderate","Moderate (1-3m)","2",NA,NA,NA,NA,NA,NA
"2024_Albany_stereo-BRUVs",NA,0,NA,NA,NA,NA,NA,NA,NA,NA,NA,NA,NA,NA,NA,NA,NA,NA,NA,NA,NA,NA,NA,NA,NA,NA,NA,NA,NA
"2024_Albany_stereo-BRUVs","82003001",4,NA,NA,NA,NA,NA,NA,NA,NA,NA,NA,NA,NA,NA,NA,NA,NA,"Physical","Relief","Flat",NA,"0",NA,NA,NA,NA,NA,NA
"2024_Albany_stereo-BRUVs","82003003",1,NA,NA,NA,NA,NA,NA,NA,NA,NA,NA,NA,NA,NA,NA,NA,NA,"Physical","Relief","Low / moderate","Low (<1m)","1",NA,NA,NA,NA,NA,NA
"2024_Albany_stereo-BRUVs","82003004",5,NA,NA,NA,NA,NA,NA,NA,NA,NA,NA,NA,NA,NA,NA,NA,NA,"Physical","Relief","Low / moderate","Moderate (1-3m)","2",NA,NA,NA,NA,NA,NA
"2024_Albany_stereo-BRUVs",NA,0,NA,NA,NA,NA,NA,NA,NA,NA,NA,NA,NA,NA,NA,NA,NA,NA,NA,NA,NA,NA,NA,NA,NA,NA,NA,NA,NA
"2024_Albany_stereo-BRUVs","82003001",10,NA,NA,NA,NA,NA,NA,NA,NA,NA,NA,NA,NA,NA,NA,NA,NA,"Physical","Relief","Flat",NA,"0",NA,NA,NA,NA,NA,NA
"2024_Albany_stereo-BRUVs","82003003",0,NA,NA,NA,NA,NA,NA,NA,NA,NA,NA,NA,NA,NA,NA,NA,NA,"Physical","Relief","Low / moderate","Low (<1m)","1",NA,NA,NA,NA,NA,NA
"2024_Albany_stereo-BRUVs","82003004",0,NA,NA,NA,NA,NA,NA,NA,NA,NA,NA,NA,NA,NA,NA,NA,NA,"Physical","Relief","Low / moderate","Moderate (1-3m)","2",NA,NA,NA,NA,NA,NA
"2024_Albany_stereo-BRUVs",NA,0,NA,NA,NA,NA,NA,NA,NA,NA,NA,NA,NA,NA,NA,NA,NA,NA,NA,NA,NA,NA,NA,NA,NA,NA,NA,NA,NA
"2024_Albany_stereo-BRUVs","82003001",10,NA,NA,NA,NA,NA,NA,NA,NA,NA,NA,NA,NA,NA,NA,NA,NA,"Physical","Relief","Flat",NA,"0",NA,NA,NA,NA,NA,NA
"2024_Albany_stereo-BRUVs","82003003",0,NA,NA,NA,NA,NA,NA,NA,NA,NA,NA,NA,NA,NA,NA,NA,NA,"Physical","Relief","Low / moderate","Low (<1m)","1",NA,NA,NA,NA,NA,NA
"2024_Albany_stereo-BRUVs","82003004",0,NA,NA,NA,NA,NA,NA,NA,NA,NA,NA,NA,NA,NA,NA,NA,NA,"Physical","Relief","Low / moderate","Moderate (1-3m)","2",NA,NA,NA,NA,NA,NA
"2024_Albany_stereo-BRUVs",NA,0,NA,NA,NA,NA,NA,NA,NA,NA,NA,NA,NA,NA,NA,NA,NA,NA,NA,NA,NA,NA,NA,NA,NA,NA,NA,NA,NA
"2024_Albany_stereo-BRUVs","82003001",10,NA,NA,NA,NA,NA,NA,NA,NA,NA,NA,NA,NA,NA,NA,NA,NA,"Physical","Relief","Flat",NA,"0",NA,NA,NA,NA,NA,NA
"2024_Albany_stereo-BRUVs","82003003",0,NA,NA,NA,NA,NA,NA,NA,NA,NA,NA,NA,NA,NA,NA,NA,NA,"Physical","Relief","Low / moderate","Low (<1m)","1",NA,NA,NA,NA,NA,NA
"2024_Albany_stereo-BRUVs","82003004",0,NA,NA,NA,NA,NA,NA,NA,NA,NA,NA,NA,NA,NA,NA,NA,NA,"Physical","Relief","Low / moderate","Moderate (1-3m)","2",NA,NA,NA,NA,NA,NA
"2024_Albany_stereo-BRUVs",NA,0,NA,NA,NA,NA,NA,NA,NA,NA,NA,NA,NA,NA,NA,NA,NA,NA,NA,NA,NA,NA,NA,NA,NA,NA,NA,NA,NA
"2024_Albany_stereo-BRUVs","82003001",5,NA,NA,NA,NA,NA,NA,NA,NA,NA,NA,NA,NA,NA,NA,NA,NA,"Physical","Relief","Flat",NA,"0",NA,NA,NA,NA,NA,NA
"2024_Albany_stereo-BRUVs","82003003",5,NA,NA,NA,NA,NA,NA,NA,NA,NA,NA,NA,NA,NA,NA,NA,NA,"Physical","Relief","Low / moderate","Low (<1m)","1",NA,NA,NA,NA,NA,NA
"2024_Albany_stereo-BRUVs","82003004",0,NA,NA,NA,NA,NA,NA,NA,NA,NA,NA,NA,NA,NA,NA,NA,NA,"Physical","Relief","Low / moderate","Moderate (1-3m)","2",NA,NA,NA,NA,NA,NA
"2024_Albany_stereo-BRUVs",NA,0,NA,NA,NA,NA,NA,NA,NA,NA,NA,NA,NA,NA,NA,NA,NA,NA,NA,NA,NA,NA,NA,NA,NA,NA,NA,NA,NA
"2024_Albany_stereo-BRUVs","82003001",8,NA,NA,NA,NA,NA,NA,NA,NA,NA,NA,NA,NA,NA,NA,NA,NA,"Physical","Relief","Flat",NA,"0",NA,NA,NA,NA,NA,NA
"2024_Albany_stereo-BRUVs","82003003",2,NA,NA,NA,NA,NA,NA,NA,NA,NA,NA,NA,NA,NA,NA,NA,NA,"Physical","Relief","Low / moderate","Low (<1m)","1",NA,NA,NA,NA,NA,NA
"2024_Albany_stereo-BRUVs","82003004",0,NA,NA,NA,NA,NA,NA,NA,NA,NA,NA,NA,NA,NA,NA,NA,NA,"Physical","Relief","Low / moderate","Moderate (1-3m)","2",NA,NA,NA,NA,NA,NA
"2024_Albany_stereo-BRUVs",NA,0,NA,NA,NA,NA,NA,NA,NA,NA,NA,NA,NA,NA,NA,NA,NA,NA,NA,NA,NA,NA,NA,NA,NA,NA,NA,NA,NA
"2024_Albany_stereo-BRUVs","82003001",0,"15",-35.032,117.883,"2024-04-26T13:00:00+08:00",NA,NA,"Fished","5.4","Yes","Yes",NA,"South-west","Joshua","Annika",NA,NA,"Physical","Relief","Flat",NA,"0",NA,NA,NA,NA,NA,NA
"2024_Albany_stereo-BRUVs","82003003",10,"15",-35.032,117.883,"2024-04-26T13:00:00+08:00",NA,NA,"Fished","5.4","Yes","Yes",NA,"South-west","Joshua","Annika",NA,NA,"Physical","Relief","Low / moderate","Low (<1m)","1",NA,NA,NA,NA,NA,NA
"2024_Albany_stereo-BRUVs","82003004",0,"15",-35.032,117.883,"2024-04-26T13:00:00+08:00",NA,NA,"Fished","5.4","Yes","Yes",NA,"South-west","Joshua","Annika",NA,NA,"Physical","Relief","Low / moderate","Moderate (1-3m)","2",NA,NA,NA,NA,NA,NA
"2024_Albany_stereo-BRUVs",NA,0,"15",-35.032,117.883,"2024-04-26T13:00:00+08:00",NA,NA,"Fished","5.4","Yes","Yes",NA,"South-west","Joshua","Annika",NA,NA,NA,NA,NA,NA,NA,NA,NA,NA,NA,NA,NA
"2024_Albany_stereo-BRUVs","82003001",1,"17",-35.063,117.882,"2024-04-25T09:45:00+08:00",NA,NA,"Fished","3.1","Yes","Yes",NA,"South-west","Eden","Michele",NA,NA,"Physical","Relief","Flat",NA,"0",NA,NA,NA,NA,NA,NA
"2024_Albany_stereo-BRUVs","82003003",9,"17",-35.063,117.882,"2024-04-25T09:45:00+08:00",NA,NA,"Fished","3.1","Yes","Yes",NA,"South-west","Eden","Michele",NA,NA,"Physical","Relief","Low / moderate","Low (<1m)","1",NA,NA,NA,NA,NA,NA
"2024_Albany_stereo-BRUVs","82003004",0,"17",-35.063,117.882,"2024-04-25T09:45:00+08:00",NA,NA,"Fished","3.1","Yes","Yes",NA,"South-west","Eden","Michele",NA,NA,"Physical","Relief","Low / moderate","Moderate (1-3m)","2",NA,NA,NA,NA,NA,NA
"2024_Albany_stereo-BRUVs",NA,0,"17",-35.063,117.882,"2024-04-25T09:45:00+08:00",NA,NA,"Fished","3.1","Yes","Yes",NA,"South-west","Eden","Michele",NA,NA,NA,NA,NA,NA,NA,NA,NA,NA,NA,NA,NA
"2024_Albany_stereo-BRUVs","82003001",0,"18",-35.067,117.882,"2024-04-25T09:36:00+08:00",NA,NA,"Fished","0.9","Yes","Yes",NA,"South-west","Dillon","Michele",NA,NA,"Physical","Relief","Flat",NA,"0",NA,NA,NA,NA,NA,NA
"2024_Albany_stereo-BRUVs","82003003",0,"18",-35.067,117.882,"2024-04-25T09:36:00+08:00",NA,NA,"Fished","0.9","Yes","Yes",NA,"South-west","Dillon","Michele",NA,NA,"Physical","Relief","Low / moderate","Low (<1m)","1",NA,NA,NA,NA,NA,NA
"2024_Albany_stereo-BRUVs","82003004",10,"18",-35.067,117.882,"2024-04-25T09:36:00+08:00",NA,NA,"Fished","0.9","Yes","Yes",NA,"South-west","Dillon","Michele",NA,NA,"Physical","Relief","Low / moderate","Moderate (1-3m)","2",NA,NA,NA,NA,NA,NA
"2024_Albany_stereo-BRUVs",NA,0,"18",-35.067,117.882,"2024-04-25T09:36:00+08:00",NA,NA,"Fished","0.9","Yes","Yes",NA,"South-west","Dillon","Michele",NA,NA,NA,NA,NA,NA,NA,NA,NA,NA,NA,NA,NA
"2024_Albany_stereo-BRUVs","82003001",5,"19",-35.033,117.868,"2024-04-25T13:01:00+08:00",NA,NA,"Fished","2.3","Yes","Yes",NA,"South-west","Sylvie","Dillon",NA,NA,"Physical","Relief","Flat",NA,"0",NA,NA,NA,NA,NA,NA
"2024_Albany_stereo-BRUVs","82003003",5,"19",-35.033,117.868,"2024-04-25T13:01:00+08:00",NA,NA,"Fished","2.3","Yes","Yes",NA,"South-west","Sylvie","Dillon",NA,NA,"Physical","Relief","Low / moderate","Low (<1m)","1",NA,NA,NA,NA,NA,NA
"2024_Albany_stereo-BRUVs","82003004",0,"19",-35.033,117.868,"2024-04-25T13:01:00+08:00",NA,NA,"Fished","2.3","Yes","Yes",NA,"South-west","Sylvie","Dillon",NA,NA,"Physical","Relief","Low / moderate","Moderate (1-3m)","2",NA,NA,NA,NA,NA,NA
"2024_Albany_stereo-BRUVs",NA,0,"19",-35.033,117.868,"2024-04-25T13:01:00+08:00",NA,NA,"Fished","2.3","Yes","Yes",NA,"South-west","Sylvie","Dillon",NA,NA,NA,NA,NA,NA,NA,NA,NA,NA,NA,NA,NA
"2024_Albany_stereo-BRUVs","82003001",10,"20",-35.035,117.861,"2024-04-25T12:26:00+08:00",NA,NA,"Fished","1.7","Yes","Yes",NA,"South-west","Sylvie","Joshua",NA,NA,"Physical","Relief","Flat",NA,"0",NA,NA,NA,NA,NA,NA
"2024_Albany_stereo-BRUVs","82003003",0,"20",-35.035,117.861,"2024-04-25T12:26:00+08:00",NA,NA,"Fished","1.7","Yes","Yes",NA,"South-west","Sylvie","Joshua",NA,NA,"Physical","Relief","Low / moderate","Low (<1m)","1",NA,NA,NA,NA,NA,NA
"2024_Albany_stereo-BRUVs","82003004",0,"20",-35.035,117.861,"2024-04-25T12:26:00+08:00",NA,NA,"Fished","1.7","Yes","Yes",NA,"South-west","Sylvie","Joshua",NA,NA,"Physical","Relief","Low / moderate","Moderate (1-3m)","2",NA,NA,NA,NA,NA,NA
"2024_Albany_stereo-BRUVs",NA,0,"20",-35.035,117.861,"2024-04-25T12:26:00+08:00",NA,NA,"Fished","1.7","Yes","Yes",NA,"South-west","Sylvie","Joshua",NA,NA,NA,NA,NA,NA,NA,NA,NA,NA,NA,NA,NA
"2024_Albany_stereo-BRUVs","82003001",7,"3",-35.039,117.898,"2024-04-26T12:10:00+08:00",NA,NA,"Fished","14.5","Yes","Yes",NA,"South-west","Eden","Annika",NA,NA,"Physical","Relief","Flat",NA,"0",NA,NA,NA,NA,NA,NA
"2024_Albany_stereo-BRUVs","82003003",3,"3",-35.039,117.898,"2024-04-26T12:10:00+08:00",NA,NA,"Fished","14.5","Yes","Yes",NA,"South-west","Eden","Annika",NA,NA,"Physical","Relief","Low / moderate","Low (<1m)","1",NA,NA,NA,NA,NA,NA
"2024_Albany_stereo-BRUVs","82003004",0,"3",-35.039,117.898,"2024-04-26T12:10:00+08:00",NA,NA,"Fished","14.5","Yes","Yes",NA,"South-west","Eden","Annika",NA,NA,"Physical","Relief","Low / moderate","Moderate (1-3m)","2",NA,NA,NA,NA,NA,NA
"2024_Albany_stereo-BRUVs",NA,0,"3",-35.039,117.898,"2024-04-26T12:10:00+08:00",NA,NA,"Fished","14.5","Yes","Yes",NA,"South-west","Eden","Annika",NA,NA,NA,NA,NA,NA,NA,NA,NA,NA,NA,NA,NA
"2024_Albany_stereo-BRUVs","82003001",9,"4",-35.04,117.903,"2024-04-26T12:00:00+08:00",NA,NA,"Fished","13.5","Yes","Yes",NA,"South-west","Ryan","Annika",NA,NA,"Physical","Relief","Flat",NA,"0",NA,NA,NA,NA,NA,NA
"2024_Albany_stereo-BRUVs","82003003",1,"4",-35.04,117.903,"2024-04-26T12:00:00+08:00",NA,NA,"Fished","13.5","Yes","Yes",NA,"South-west","Ryan","Annika",NA,NA,"Physical","Relief","Low / moderate","Low (<1m)","1",NA,NA,NA,NA,NA,NA
"2024_Albany_stereo-BRUVs","82003004",0,"4",-35.04,117.903,"2024-04-26T12:00:00+08:00",NA,NA,"Fished","13.5","Yes","Yes",NA,"South-west","Ryan","Annika",NA,NA,"Physical","Relief","Low / moderate","Moderate (1-3m)","2",NA,NA,NA,NA,NA,NA
"2024_Albany_stereo-BRUVs",NA,0,"4",-35.04,117.903,"2024-04-26T12:00:00+08:00",NA,NA,"Fished","13.5","Yes","Yes",NA,"South-west","Ryan","Annika",NA,NA,NA,NA,NA,NA,NA,NA,NA,NA,NA,NA,NA
"2024_Albany_stereo-BRUVs","82003001",10,"5",-35.038,117.897,"2024-04-26T12:12:00+08:00",NA,NA,"Fished","15","Yes","Yes",NA,"South-west","Dillon","Sylvie",NA,NA,"Physical","Relief","Flat",NA,"0",NA,NA,NA,NA,NA,NA
"2024_Albany_stereo-BRUVs","82003003",0,"5",-35.038,117.897,"2024-04-26T12:12:00+08:00",NA,NA,"Fished","15","Yes","Yes",NA,"South-west","Dillon","Sylvie",NA,NA,"Physical","Relief","Low / moderate","Low (<1m)","1",NA,NA,NA,NA,NA,NA
"2024_Albany_stereo-BRUVs","82003004",0,"5",-35.038,117.897,"2024-04-26T12:12:00+08:00",NA,NA,"Fished","15","Yes","Yes",NA,"South-west","Dillon","Sylvie",NA,NA,"Physical","Relief","Low / moderate","Moderate (1-3m)","2",NA,NA,NA,NA,NA,NA
"2024_Albany_stereo-BRUVs",NA,0,"5",-35.038,117.897,"2024-04-26T12:12:00+08:00",NA,NA,"Fished","15","Yes","Yes",NA,"South-west","Dillon","Sylvie",NA,NA,NA,NA,NA,NA,NA,NA,NA,NA,NA,NA,NA
"2024_Albany_stereo-BRUVs","82003001",0,"54",-35.066,117.881,"2024-04-25T09:30:00+08:00",NA,NA,"Fished","1.8","Yes","Yes",NA,"South-west","Annika","Joshua",NA,NA,"Physical","Relief","Flat",NA,"0",NA,NA,NA,NA,NA,NA
"2024_Albany_stereo-BRUVs","82003003",0,"54",-35.066,117.881,"2024-04-25T09:30:00+08:00",NA,NA,"Fished","1.8","Yes","Yes",NA,"South-west","Annika","Joshua",NA,NA,"Physical","Relief","Low / moderate","Low (<1m)","1",NA,NA,NA,NA,NA,NA
"2024_Albany_stereo-BRUVs","82003004",10,"54",-35.066,117.881,"2024-04-25T09:30:00+08:00",NA,NA,"Fished","1.8","Yes","Yes",NA,"South-west","Annika","Joshua",NA,NA,"Physical","Relief","Low / moderate","Moderate (1-3m)","2",NA,NA,NA,NA,NA,NA
"2024_Albany_stereo-BRUVs",NA,0,"54",-35.066,117.881,"2024-04-25T09:30:00+08:00",NA,NA,"Fished","1.8","Yes","Yes",NA,"South-west","Annika","Joshua",NA,NA,NA,NA,NA,NA,NA,NA,NA,NA,NA,NA,NA
"2024_Albany_stereo-BRUVs","82003001",10,"56",-35.065,117.881,"2024-04-25T09:41:00+08:00",NA,NA,"Fished","2.2","Yes","Yes",NA,"South-west","Annika","Joshua",NA,NA,"Physical","Relief","Flat",NA,"0",NA,NA,NA,NA,NA,NA
"2024_Albany_stereo-BRUVs","82003003",0,"56",-35.065,117.881,"2024-04-25T09:41:00+08:00",NA,NA,"Fished","2.2","Yes","Yes",NA,"South-west","Annika","Joshua",NA,NA,"Physical","Relief","Low / moderate","Low (<1m)","1",NA,NA,NA,NA,NA,NA
"2024_Albany_stereo-BRUVs","82003004",0,"56",-35.065,117.881,"2024-04-25T09:41:00+08:00",NA,NA,"Fished","2.2","Yes","Yes",NA,"South-west","Annika","Joshua",NA,NA,"Physical","Relief","Low / moderate","Moderate (1-3m)","2",NA,NA,NA,NA,NA,NA
"2024_Albany_stereo-BRUVs",NA,0,"56",-35.065,117.881,"2024-04-25T09:41:00+08:00",NA,NA,"Fished","2.2","Yes","Yes",NA,"South-west","Annika","Joshua",NA,NA,NA,NA,NA,NA,NA,NA,NA,NA,NA,NA,NA
"2024_Albany_stereo-BRUVs","82003001",10,"58",-35.062,117.879,"2024-04-25T11:21:00+08:00",NA,NA,"Fished","1.9","Yes","Yes",NA,"South-west","Annika","Dillon",NA,NA,"Physical","Relief","Flat",NA,"0",NA,NA,NA,NA,NA,NA
"2024_Albany_stereo-BRUVs","82003003",0,"58",-35.062,117.879,"2024-04-25T11:21:00+08:00",NA,NA,"Fished","1.9","Yes","Yes",NA,"South-west","Annika","Dillon",NA,NA,"Physical","Relief","Low / moderate","Low (<1m)","1",NA,NA,NA,NA,NA,NA
"2024_Albany_stereo-BRUVs","82003004",0,"58",-35.062,117.879,"2024-04-25T11:21:00+08:00",NA,NA,"Fished","1.9","Yes","Yes",NA,"South-west","Annika","Dillon",NA,NA,"Physical","Relief","Low / moderate","Moderate (1-3m)","2",NA,NA,NA,NA,NA,NA
"2024_Albany_stereo-BRUVs",NA,0,"58",-35.062,117.879,"2024-04-25T11:21:00+08:00",NA,NA,"Fished","1.9","Yes","Yes",NA,"South-west","Annika","Dillon",NA,NA,NA,NA,NA,NA,NA,NA,NA,NA,NA,NA,NA
"2024_Albany_stereo-BRUVs","82003001",10,"6",-35.04,117.906,"2024-04-26T11:45:00+08:00",NA,NA,"Fished","14","Yes","Yes",NA,"South-west","Joshua","Annika",NA,NA,"Physical","Relief","Flat",NA,"0",NA,NA,NA,NA,NA,NA
"2024_Albany_stereo-BRUVs","82003003",0,"6",-35.04,117.906,"2024-04-26T11:45:00+08:00",NA,NA,"Fished","14","Yes","Yes",NA,"South-west","Joshua","Annika",NA,NA,"Physical","Relief","Low / moderate","Low (<1m)","1",NA,NA,NA,NA,NA,NA
"2024_Albany_stereo-BRUVs","82003004",0,"6",-35.04,117.906,"2024-04-26T11:45:00+08:00",NA,NA,"Fished","14","Yes","Yes",NA,"South-west","Joshua","Annika",NA,NA,"Physical","Relief","Low / moderate","Moderate (1-3m)","2",NA,NA,NA,NA,NA,NA
"2024_Albany_stereo-BRUVs",NA,0,"6",-35.04,117.906,"2024-04-26T11:45:00+08:00",NA,NA,"Fished","14","Yes","Yes",NA,"South-west","Joshua","Annika",NA,NA,NA,NA,NA,NA,NA,NA,NA,NA,NA,NA,NA
"2024_Albany_stereo-BRUVs","82003001",6,"61",-35.06,117.908,"2024-04-25T10:44:00+08:00",NA,NA,"Fished","4","Yes","Yes",NA,"South-west","Eden","Michele",NA,NA,"Physical","Relief","Flat",NA,"0",NA,NA,NA,NA,NA,NA
"2024_Albany_stereo-BRUVs","82003003",4,"61",-35.06,117.908,"2024-04-25T10:44:00+08:00",NA,NA,"Fished","4","Yes","Yes",NA,"South-west","Eden","Michele",NA,NA,"Physical","Relief","Low / moderate","Low (<1m)","1",NA,NA,NA,NA,NA,NA
"2024_Albany_stereo-BRUVs","82003004",0,"61",-35.06,117.908,"2024-04-25T10:44:00+08:00",NA,NA,"Fished","4","Yes","Yes",NA,"South-west","Eden","Michele",NA,NA,"Physical","Relief","Low / moderate","Moderate (1-3m)","2",NA,NA,NA,NA,NA,NA
"2024_Albany_stereo-BRUVs",NA,0,"61",-35.06,117.908,"2024-04-25T10:44:00+08:00",NA,NA,"Fished","4","Yes","Yes",NA,"South-west","Eden","Michele",NA,NA,NA,NA,NA,NA,NA,NA,NA,NA,NA,NA,NA
"2024_Albany_stereo-BRUVs","82003001",0,"64",-35.067,117.895,"2024-04-25T09:57:00+08:00",NA,NA,"Fished","1.7","Yes","Yes",NA,"South-west","Dillon","Michele",NA,NA,"Physical","Relief","Flat",NA,"0",NA,NA,NA,NA,NA,NA
"2024_Albany_stereo-BRUVs","82003003",0,"64",-35.067,117.895,"2024-04-25T09:57:00+08:00",NA,NA,"Fished","1.7","Yes","Yes",NA,"South-west","Dillon","Michele",NA,NA,"Physical","Relief","Low / moderate","Low (<1m)","1",NA,NA,NA,NA,NA,NA
"2024_Albany_stereo-BRUVs","82003004",10,"64",-35.067,117.895,"2024-04-25T09:57:00+08:00",NA,NA,"Fished","1.7","Yes","Yes",NA,"South-west","Dillon","Michele",NA,NA,"Physical","Relief","Low / moderate","Moderate (1-3m)","2",NA,NA,NA,NA,NA,NA
"2024_Albany_stereo-BRUVs",NA,0,"64",-35.067,117.895,"2024-04-25T09:57:00+08:00",NA,NA,"Fished","1.7","Yes","Yes",NA,"South-west","Dillon","Michele",NA,NA,NA,NA,NA,NA,NA,NA,NA,NA,NA,NA,NA
"2024_Albany_stereo-BRUVs","82003001",9,"65",-35.042,117.866,"2024-04-25T12:14:00+08:00",NA,NA,"Fished","3.6","Yes","Yes",NA,"South-west","Dillon","Eden",NA,NA,"Physical","Relief","Flat",NA,"0",NA,NA,NA,NA,NA,NA
"2024_Albany_stereo-BRUVs","82003003",1,"65",-35.042,117.866,"2024-04-25T12:14:00+08:00",NA,NA,"Fished","3.6","Yes","Yes",NA,"South-west","Dillon","Eden",NA,NA,"Physical","Relief","Low / moderate","Low (<1m)","1",NA,NA,NA,NA,NA,NA
"2024_Albany_stereo-BRUVs","82003004",0,"65",-35.042,117.866,"2024-04-25T12:14:00+08:00",NA,NA,"Fished","3.6","Yes","Yes",NA,"South-west","Dillon","Eden",NA,NA,"Physical","Relief","Low / moderate","Moderate (1-3m)","2",NA,NA,NA,NA,NA,NA
"2024_Albany_stereo-BRUVs",NA,0,"65",-35.042,117.866,"2024-04-25T12:14:00+08:00",NA,NA,"Fished","3.6","Yes","Yes",NA,"South-west","Dillon","Eden",NA,NA,NA,NA,NA,NA,NA,NA,NA,NA,NA,NA,NA
"2024_Albany_stereo-BRUVs","82003001",0,"66",-35.07,117.894,"2024-04-25T09:59:00+08:00",NA,NA,"Fished","0.8","Yes","Yes",NA,"South-west","Zach","Joshua",NA,NA,"Physical","Relief","Flat",NA,"0",NA,NA,NA,NA,NA,NA
"2024_Albany_stereo-BRUVs","82003003",0,"66",-35.07,117.894,"2024-04-25T09:59:00+08:00",NA,NA,"Fished","0.8","Yes","Yes",NA,"South-west","Zach","Joshua",NA,NA,"Physical","Relief","Low / moderate","Low (<1m)","1",NA,NA,NA,NA,NA,NA
"2024_Albany_stereo-BRUVs","82003004",10,"66",-35.07,117.894,"2024-04-25T09:59:00+08:00",NA,NA,"Fished","0.8","Yes","Yes",NA,"South-west","Zach","Joshua",NA,NA,"Physical","Relief","Low / moderate","Moderate (1-3m)","2",NA,NA,NA,NA,NA,NA
"2024_Albany_stereo-BRUVs",NA,0,"66",-35.07,117.894,"2024-04-25T09:59:00+08:00",NA,NA,"Fished","0.8","Yes","Yes",NA,"South-west","Zach","Joshua",NA,NA,NA,NA,NA,NA,NA,NA,NA,NA,NA,NA,NA
"2024_Albany_stereo-BRUVs","82003001",1,"67",-35.067,117.9,"2024-04-25T10:11:00+08:00",NA,NA,"Fished","2.6","Yes","Yes",NA,"South-west","Zach","Joshua",NA,NA,"Physical","Relief","Flat",NA,"0",NA,NA,NA,NA,NA,NA
"2024_Albany_stereo-BRUVs","82003003",9,"67",-35.067,117.9,"2024-04-25T10:11:00+08:00",NA,NA,"Fished","2.6","Yes","Yes",NA,"South-west","Zach","Joshua",NA,NA,"Physical","Relief","Low / moderate","Low (<1m)","1",NA,NA,NA,NA,NA,NA
"2024_Albany_stereo-BRUVs","82003004",0,"67",-35.067,117.9,"2024-04-25T10:11:00+08:00",NA,NA,"Fished","2.6","Yes","Yes",NA,"South-west","Zach","Joshua",NA,NA,"Physical","Relief","Low / moderate","Moderate (1-3m)","2",NA,NA,NA,NA,NA,NA
"2024_Albany_stereo-BRUVs",NA,0,"67",-35.067,117.9,"2024-04-25T10:11:00+08:00",NA,NA,"Fished","2.6","Yes","Yes",NA,"South-west","Zach","Joshua",NA,NA,NA,NA,NA,NA,NA,NA,NA,NA,NA,NA,NA
"2024_Albany_stereo-BRUVs","82003001",10,"68",-35.069,117.906,"2024-04-25T10:24:00+08:00",NA,NA,"Fished","2.4","Yes","Yes",NA,"South-west","Eden","Michele",NA,NA,"Physical","Relief","Flat",NA,"0",NA,NA,NA,NA,NA,NA
"2024_Albany_stereo-BRUVs","82003003",0,"68",-35.069,117.906,"2024-04-25T10:24:00+08:00",NA,NA,"Fished","2.4","Yes","Yes",NA,"South-west","Eden","Michele",NA,NA,"Physical","Relief","Low / moderate","Low (<1m)","1",NA,NA,NA,NA,NA,NA
"2024_Albany_stereo-BRUVs","82003004",0,"68",-35.069,117.906,"2024-04-25T10:24:00+08:00",NA,NA,"Fished","2.4","Yes","Yes",NA,"South-west","Eden","Michele",NA,NA,"Physical","Relief","Low / moderate","Moderate (1-3m)","2",NA,NA,NA,NA,NA,NA
"2024_Albany_stereo-BRUVs",NA,0,"68",-35.069,117.906,"2024-04-25T10:24:00+08:00",NA,NA,"Fished","2.4","Yes","Yes",NA,"South-west","Eden","Michele",NA,NA,NA,NA,NA,NA,NA,NA,NA,NA,NA,NA,NA
"2024_Albany_stereo-BRUVs","82003001",5,"69",-35.069,117.907,"2024-04-25T10:26:00+08:00",NA,NA,"Fished","2.2","Yes","Yes",NA,"South-west","Annika","Joshua",NA,NA,"Physical","Relief","Flat",NA,"0",NA,NA,NA,NA,NA,NA
"2024_Albany_stereo-BRUVs","82003003",5,"69",-35.069,117.907,"2024-04-25T10:26:00+08:00",NA,NA,"Fished","2.2","Yes","Yes",NA,"South-west","Annika","Joshua",NA,NA,"Physical","Relief","Low / moderate","Low (<1m)","1",NA,NA,NA,NA,NA,NA
"2024_Albany_stereo-BRUVs","82003004",0,"69",-35.069,117.907,"2024-04-25T10:26:00+08:00",NA,NA,"Fished","2.2","Yes","Yes",NA,"South-west","Annika","Joshua",NA,NA,"Physical","Relief","Low / moderate","Moderate (1-3m)","2",NA,NA,NA,NA,NA,NA
"2024_Albany_stereo-BRUVs",NA,0,"69",-35.069,117.907,"2024-04-25T10:26:00+08:00",NA,NA,"Fished","2.2","Yes","Yes",NA,"South-west","Annika","Joshua",NA,NA,NA,NA,NA,NA,NA,NA,NA,NA,NA,NA,NA
"2024_Albany_stereo-BRUVs","82003001",10,"70",-35.057,117.907,"2024-04-25T10:40:00+08:00",NA,NA,"Fished","3.9","Yes","Yes",NA,"South-west","Annika","Dillon",NA,NA,"Physical","Relief","Flat",NA,"0",NA,NA,NA,NA,NA,NA
"2024_Albany_stereo-BRUVs","82003003",0,"70",-35.057,117.907,"2024-04-25T10:40:00+08:00",NA,NA,"Fished","3.9","Yes","Yes",NA,"South-west","Annika","Dillon",NA,NA,"Physical","Relief","Low / moderate","Low (<1m)","1",NA,NA,NA,NA,NA,NA
"2024_Albany_stereo-BRUVs","82003004",0,"70",-35.057,117.907,"2024-04-25T10:40:00+08:00",NA,NA,"Fished","3.9","Yes","Yes",NA,"South-west","Annika","Dillon",NA,NA,"Physical","Relief","Low / moderate","Moderate (1-3m)","2",NA,NA,NA,NA,NA,NA
"2024_Albany_stereo-BRUVs",NA,0,"70",-35.057,117.907,"2024-04-25T10:40:00+08:00",NA,NA,"Fished","3.9","Yes","Yes",NA,"South-west","Annika","Dillon",NA,NA,NA,NA,NA,NA,NA,NA,NA,NA,NA,NA,NA
"2024_Albany_stereo-BRUVs","82003001",10,"71",-35.061,117.879,"2024-04-25T11:19:00+08:00",NA,NA,"Fished","2.1","Yes","Yes",NA,"South-west","Joshua","Michele",NA,NA,"Physical","Relief","Flat",NA,"0",NA,NA,NA,NA,NA,NA
"2024_Albany_stereo-BRUVs","82003003",0,"71",-35.061,117.879,"2024-04-25T11:19:00+08:00",NA,NA,"Fished","2.1","Yes","Yes",NA,"South-west","Joshua","Michele",NA,NA,"Physical","Relief","Low / moderate","Low (<1m)","1",NA,NA,NA,NA,NA,NA
"2024_Albany_stereo-BRUVs","82003004",0,"71",-35.061,117.879,"2024-04-25T11:19:00+08:00",NA,NA,"Fished","2.1","Yes","Yes",NA,"South-west","Joshua","Michele",NA,NA,"Physical","Relief","Low / moderate","Moderate (1-3m)","2",NA,NA,NA,NA,NA,NA
"2024_Albany_stereo-BRUVs",NA,0,"71",-35.061,117.879,"2024-04-25T11:19:00+08:00",NA,NA,"Fished","2.1","Yes","Yes",NA,"South-west","Joshua","Michele",NA,NA,NA,NA,NA,NA,NA,NA,NA,NA,NA,NA,NA
"2024_Albany_stereo-BRUVs","82003001",2,"72",-35.059,117.879,"2024-04-25T11:43:00+08:00",NA,NA,"Fished","2.7","Yes","Yes",NA,"South-west","Annika","Dillon",NA,NA,"Physical","Relief","Flat",NA,"0",NA,NA,NA,NA,NA,NA
"2024_Albany_stereo-BRUVs","82003003",6,"72",-35.059,117.879,"2024-04-25T11:43:00+08:00",NA,NA,"Fished","2.7","Yes","Yes",NA,"South-west","Annika","Dillon",NA,NA,"Physical","Relief","Low / moderate","Low (<1m)","1",NA,NA,NA,NA,NA,NA
"2024_Albany_stereo-BRUVs","82003004",2,"72",-35.059,117.879,"2024-04-25T11:43:00+08:00",NA,NA,"Fished","2.7","Yes","Yes",NA,"South-west","Annika","Dillon",NA,NA,"Physical","Relief","Low / moderate","Moderate (1-3m)","2",NA,NA,NA,NA,NA,NA
"2024_Albany_stereo-BRUVs",NA,0,"72",-35.059,117.879,"2024-04-25T11:43:00+08:00",NA,NA,"Fished","2.7","Yes","Yes",NA,"South-west","Annika","Dillon",NA,NA,NA,NA,NA,NA,NA,NA,NA,NA,NA,NA,NA
"2024_Albany_stereo-BRUVs","82003001",4,"73",-35.059,117.877,"2024-04-25T11:45:00+08:00",NA,NA,"Fished","2.2","Yes","Yes",NA,"South-west","Dillon","Sylvie",NA,NA,"Physical","Relief","Flat",NA,"0",NA,NA,NA,NA,NA,NA
"2024_Albany_stereo-BRUVs","82003003",6,"73",-35.059,117.877,"2024-04-25T11:45:00+08:00",NA,NA,"Fished","2.2","Yes","Yes",NA,"South-west","Dillon","Sylvie",NA,NA,"Physical","Relief","Low / moderate","Low (<1m)","1",NA,NA,NA,NA,NA,NA
"2024_Albany_stereo-BRUVs","82003004",0,"73",-35.059,117.877,"2024-04-25T11:45:00+08:00",NA,NA,"Fished","2.2","Yes","Yes",NA,"South-west","Dillon","Sylvie",NA,NA,"Physical","Relief","Low / moderate","Moderate (1-3m)","2",NA,NA,NA,NA,NA,NA
"2024_Albany_stereo-BRUVs",NA,0,"73",-35.059,117.877,"2024-04-25T11:45:00+08:00",NA,NA,"Fished","2.2","Yes","Yes",NA,"South-west","Dillon","Sylvie",NA,NA,NA,NA,NA,NA,NA,NA,NA,NA,NA,NA,NA
"2024_Albany_stereo-BRUVs","82003001",5,"74",-35.056,117.872,"2024-04-25T12:00:00+08:00",NA,NA,"Fished","1.5","Yes","Yes",NA,"South-west","Dillon","Sylvie",NA,NA,"Physical","Relief","Flat",NA,"0",NA,NA,NA,NA,NA,NA
"2024_Albany_stereo-BRUVs","82003003",2,"74",-35.056,117.872,"2024-04-25T12:00:00+08:00",NA,NA,"Fished","1.5","Yes","Yes",NA,"South-west","Dillon","Sylvie",NA,NA,"Physical","Relief","Low / moderate","Low (<1m)","1",NA,NA,NA,NA,NA,NA
"2024_Albany_stereo-BRUVs","82003004",3,"74",-35.056,117.872,"2024-04-25T12:00:00+08:00",NA,NA,"Fished","1.5","Yes","Yes",NA,"South-west","Dillon","Sylvie",NA,NA,"Physical","Relief","Low / moderate","Moderate (1-3m)","2",NA,NA,NA,NA,NA,NA
"2024_Albany_stereo-BRUVs",NA,0,"74",-35.056,117.872,"2024-04-25T12:00:00+08:00",NA,NA,"Fished","1.5","Yes","Yes",NA,"South-west","Dillon","Sylvie",NA,NA,NA,NA,NA,NA,NA,NA,NA,NA,NA,NA,NA
"2024_Albany_stereo-BRUVs","82003001",10,"75",-35.04,117.865,"2024-04-25T12:16:00+08:00",NA,NA,"Fished","3.5","Yes","Yes",NA,"South-west","Sylvie","Joshua",NA,NA,"Physical","Relief","Flat",NA,"0",NA,NA,NA,NA,NA,NA
"2024_Albany_stereo-BRUVs","82003003",0,"75",-35.04,117.865,"2024-04-25T12:16:00+08:00",NA,NA,"Fished","3.5","Yes","Yes",NA,"South-west","Sylvie","Joshua",NA,NA,"Physical","Relief","Low / moderate","Low (<1m)","1",NA,NA,NA,NA,NA,NA
"2024_Albany_stereo-BRUVs","82003004",0,"75",-35.04,117.865,"2024-04-25T12:16:00+08:00",NA,NA,"Fished","3.5","Yes","Yes",NA,"South-west","Sylvie","Joshua",NA,NA,"Physical","Relief","Low / moderate","Moderate (1-3m)","2",NA,NA,NA,NA,NA,NA
"2024_Albany_stereo-BRUVs",NA,0,"75",-35.04,117.865,"2024-04-25T12:16:00+08:00",NA,NA,"Fished","3.5","Yes","Yes",NA,"South-west","Sylvie","Joshua",NA,NA,NA,NA,NA,NA,NA,NA,NA,NA,NA,NA,NA
"2024_Albany_stereo-BRUVs","82003001",10,"76",-35.037,117.862,"2023-04-25T12:27:00+08:00",NA,NA,"Fished","2.2","Yes","Yes",NA,"South-west","Dillon","Eden",NA,NA,"Physical","Relief","Flat",NA,"0",NA,NA,NA,NA,NA,NA
"2024_Albany_stereo-BRUVs","82003003",0,"76",-35.037,117.862,"2023-04-25T12:27:00+08:00",NA,NA,"Fished","2.2","Yes","Yes",NA,"South-west","Dillon","Eden",NA,NA,"Physical","Relief","Low / moderate","Low (<1m)","1",NA,NA,NA,NA,NA,NA
"2024_Albany_stereo-BRUVs","82003004",0,"76",-35.037,117.862,"2023-04-25T12:27:00+08:00",NA,NA,"Fished","2.2","Yes","Yes",NA,"South-west","Dillon","Eden",NA,NA,"Physical","Relief","Low / moderate","Moderate (1-3m)","2",NA,NA,NA,NA,NA,NA
"2024_Albany_stereo-BRUVs",NA,0,"76",-35.037,117.862,"2023-04-25T12:27:00+08:00",NA,NA,"Fished","2.2","Yes","Yes",NA,"South-west","Dillon","Eden",NA,NA,NA,NA,NA,NA,NA,NA,NA,NA,NA,NA,NA
"2024_Albany_stereo-BRUVs","82003001",5,"77",-35.033,117.864,"2024-04-25T12:44:00+08:00",NA,NA,"Fished","2.2","Yes","Yes",NA,"South-west","Michele","Dillon",NA,NA,"Physical","Relief","Flat",NA,"0",NA,NA,NA,NA,NA,NA
"2024_Albany_stereo-BRUVs","82003003",5,"77",-35.033,117.864,"2024-04-25T12:44:00+08:00",NA,NA,"Fished","2.2","Yes","Yes",NA,"South-west","Michele","Dillon",NA,NA,"Physical","Relief","Low / moderate","Low (<1m)","1",NA,NA,NA,NA,NA,NA
"2024_Albany_stereo-BRUVs","82003004",0,"77",-35.033,117.864,"2024-04-25T12:44:00+08:00",NA,NA,"Fished","2.2","Yes","Yes",NA,"South-west","Michele","Dillon",NA,NA,"Physical","Relief","Low / moderate","Moderate (1-3m)","2",NA,NA,NA,NA,NA,NA
"2024_Albany_stereo-BRUVs",NA,0,"77",-35.033,117.864,"2024-04-25T12:44:00+08:00",NA,NA,"Fished","2.2","Yes","Yes",NA,"South-west","Michele","Dillon",NA,NA,NA,NA,NA,NA,NA,NA,NA,NA,NA,NA,NA
"2024_Albany_stereo-BRUVs","82003001",0,"78",-35.032,117.865,"2023-04-25T12:46:00+08:00",NA,NA,"Fished","1.9","Yes","Yes",NA,"South-west","Dillon","Eden",NA,NA,"Physical","Relief","Flat",NA,"0",NA,NA,NA,NA,NA,NA
"2024_Albany_stereo-BRUVs","82003003",0,"78",-35.032,117.865,"2023-04-25T12:46:00+08:00",NA,NA,"Fished","1.9","Yes","Yes",NA,"South-west","Dillon","Eden",NA,NA,"Physical","Relief","Low / moderate","Low (<1m)","1",NA,NA,NA,NA,NA,NA
"2024_Albany_stereo-BRUVs","82003004",0,"78",-35.032,117.865,"2023-04-25T12:46:00+08:00",NA,NA,"Fished","1.9","Yes","Yes",NA,"South-west","Dillon","Eden",NA,NA,"Physical","Relief","Low / moderate","Moderate (1-3m)","2",NA,NA,NA,NA,NA,NA
"2024_Albany_stereo-BRUVs",NA,0,"78",-35.032,117.865,"2023-04-25T12:46:00+08:00",NA,NA,"Fished","1.9","Yes","Yes",NA,"South-west","Dillon","Eden",NA,NA,NA,NA,NA,NA,NA,NA,NA,NA,NA,NA,NA
"2024_Albany_stereo-BRUVs","82003001",9,"79",-35.034,117.87,"2024-04-25T13:03:00+08:00",NA,NA,"Fished","2.9","Yes","Yes",NA,"South-west","Dillon","Eden",NA,NA,"Physical","Relief","Flat",NA,"0",NA,NA,NA,NA,NA,NA
"2024_Albany_stereo-BRUVs","82003003",1,"79",-35.034,117.87,"2024-04-25T13:03:00+08:00",NA,NA,"Fished","2.9","Yes","Yes",NA,"South-west","Dillon","Eden",NA,NA,"Physical","Relief","Low / moderate","Low (<1m)","1",NA,NA,NA,NA,NA,NA
"2024_Albany_stereo-BRUVs","82003004",0,"79",-35.034,117.87,"2024-04-25T13:03:00+08:00",NA,NA,"Fished","2.9","Yes","Yes",NA,"South-west","Dillon","Eden",NA,NA,"Physical","Relief","Low / moderate","Moderate (1-3m)","2",NA,NA,NA,NA,NA,NA
"2024_Albany_stereo-BRUVs",NA,0,"79",-35.034,117.87,"2024-04-25T13:03:00+08:00",NA,NA,"Fished","2.9","Yes","Yes",NA,"South-west","Dillon","Eden",NA,NA,NA,NA,NA,NA,NA,NA,NA,NA,NA,NA,NA
"2024_Albany_stereo-BRUVs","82003001",3,"8",-35.068,117.904,"2024-04-25T10:14:00+08:00",NA,NA,"Fished","2.6","Yes","Yes",NA,"South-west","Eden","Michele",NA,NA,"Physical","Relief","Flat",NA,"0",NA,NA,NA,NA,NA,NA
"2024_Albany_stereo-BRUVs","82003003",14,"8",-35.068,117.904,"2024-04-25T10:14:00+08:00",NA,NA,"Fished","2.6","Yes","Yes",NA,"South-west","Eden","Michele",NA,NA,"Physical","Relief","Low / moderate","Low (<1m)","1",NA,NA,NA,NA,NA,NA
"2024_Albany_stereo-BRUVs","82003004",0,"8",-35.068,117.904,"2024-04-25T10:14:00+08:00",NA,NA,"Fished","2.6","Yes","Yes",NA,"South-west","Eden","Michele",NA,NA,"Physical","Relief","Low / moderate","Moderate (1-3m)","2",NA,NA,NA,NA,NA,NA
"2024_Albany_stereo-BRUVs",NA,0,"8",-35.068,117.904,"2024-04-25T10:14:00+08:00",NA,NA,"Fished","2.6","Yes","Yes",NA,"South-west","Eden","Michele",NA,NA,NA,NA,NA,NA,NA,NA,NA,NA,NA,NA,NA
"2024_Albany_stereo-BRUVs","82003001",10,"80",-35.04,117.905,"2024-04-26T11:48:00+08:00",NA,NA,"Fished","14.4","Yes","Yes",NA,"South-west","Ryan","Annika",NA,NA,"Physical","Relief","Flat",NA,"0",NA,NA,NA,NA,NA,NA
"2024_Albany_stereo-BRUVs","82003003",3,"80",-35.04,117.905,"2024-04-26T11:48:00+08:00",NA,NA,"Fished","14.4","Yes","Yes",NA,"South-west","Ryan","Annika",NA,NA,"Physical","Relief","Low / moderate","Low (<1m)","1",NA,NA,NA,NA,NA,NA
"2024_Albany_stereo-BRUVs","82003004",0,"80",-35.04,117.905,"2024-04-26T11:48:00+08:00",NA,NA,"Fished","14.4","Yes","Yes",NA,"South-west","Ryan","Annika",NA,NA,"Physical","Relief","Low / moderate","Moderate (1-3m)","2",NA,NA,NA,NA,NA,NA
"2024_Albany_stereo-BRUVs",NA,0,"80",-35.04,117.905,"2024-04-26T11:48:00+08:00",NA,NA,"Fished","14.4","Yes","Yes",NA,"South-west","Ryan","Annika",NA,NA,NA,NA,NA,NA,NA,NA,NA,NA,NA,NA,NA
"2024_Albany_stereo-BRUVs","82003001",10,"83",-35.035,117.895,"2024-04-26T12:36:00+08:00",NA,NA,"Fished","14.8","Yes","Yes",NA,"South-west","Kirsten","Annika",NA,NA,"Physical","Relief","Flat",NA,"0",NA,NA,NA,NA,NA,NA
"2024_Albany_stereo-BRUVs","82003003",0,"83",-35.035,117.895,"2024-04-26T12:36:00+08:00",NA,NA,"Fished","14.8","Yes","Yes",NA,"South-west","Kirsten","Annika",NA,NA,"Physical","Relief","Low / moderate","Low (<1m)","1",NA,NA,NA,NA,NA,NA
"2024_Albany_stereo-BRUVs","82003004",0,"83",-35.035,117.895,"2024-04-26T12:36:00+08:00",NA,NA,"Fished","14.8","Yes","Yes",NA,"South-west","Kirsten","Annika",NA,NA,"Physical","Relief","Low / moderate","Moderate (1-3m)","2",NA,NA,NA,NA,NA,NA
"2024_Albany_stereo-BRUVs",NA,0,"83",-35.035,117.895,"2024-04-26T12:36:00+08:00",NA,NA,"Fished","14.8","Yes","Yes",NA,"South-west","Kirsten","Annika",NA,NA,NA,NA,NA,NA,NA,NA,NA,NA,NA,NA,NA
"2024_Albany_stereo-BRUVs","82003001",0,"85",-35.033,117.886,"2024-04-26T12:52:00+08:00",NA,NA,"Fished","8.1","Yes","Yes",NA,"South-west","Joshua","Annika",NA,NA,"Physical","Relief","Flat",NA,"0",NA,NA,NA,NA,NA,NA
"2024_Albany_stereo-BRUVs","82003003",0,"85",-35.033,117.886,"2024-04-26T12:52:00+08:00",NA,NA,"Fished","8.1","Yes","Yes",NA,"South-west","Joshua","Annika",NA,NA,"Physical","Relief","Low / moderate","Low (<1m)","1",NA,NA,NA,NA,NA,NA
"2024_Albany_stereo-BRUVs","82003004",0,"85",-35.033,117.886,"2024-04-26T12:52:00+08:00",NA,NA,"Fished","8.1","Yes","Yes",NA,"South-west","Joshua","Annika",NA,NA,"Physical","Relief","Low / moderate","Moderate (1-3m)","2",NA,NA,NA,NA,NA,NA
"2024_Albany_stereo-BRUVs",NA,0,"85",-35.033,117.886,"2024-04-26T12:52:00+08:00",NA,NA,"Fished","8.1","Yes","Yes",NA,"South-west","Joshua","Annika",NA,NA,NA,NA,NA,NA,NA,NA,NA,NA,NA,NA,NA
"2024_Albany_stereo-BRUVs","82003001",10,"86",-35.034,117.883,"2024-04-26T13:02:00+08:00",NA,NA,"Fished","5.3","Yes","Yes",NA,"South-west","Zach","Annika",NA,NA,"Physical","Relief","Flat",NA,"0",NA,NA,NA,NA,NA,NA
"2024_Albany_stereo-BRUVs","82003003",0,"86",-35.034,117.883,"2024-04-26T13:02:00+08:00",NA,NA,"Fished","5.3","Yes","Yes",NA,"South-west","Zach","Annika",NA,NA,"Physical","Relief","Low / moderate","Low (<1m)","1",NA,NA,NA,NA,NA,NA
"2024_Albany_stereo-BRUVs","82003004",0,"86",-35.034,117.883,"2024-04-26T13:02:00+08:00",NA,NA,"Fished","5.3","Yes","Yes",NA,"South-west","Zach","Annika",NA,NA,"Physical","Relief","Low / moderate","Moderate (1-3m)","2",NA,NA,NA,NA,NA,NA
"2024_Albany_stereo-BRUVs",NA,0,"86",-35.034,117.883,"2024-04-26T13:02:00+08:00",NA,NA,"Fished","5.3","Yes","Yes",NA,"South-west","Zach","Annika",NA,NA,NA,NA,NA,NA,NA,NA,NA,NA,NA,NA,NA
"2024_Albany_stereo-BRUVs","82003001",0,"87",-35.031,117.883,"2024-04-26T13:10:00+08:00",NA,NA,"Fished","3.4","Yes","Yes",NA,"South-west","Annika","Sylvie",NA,NA,"Physical","Relief","Flat",NA,"0",NA,NA,NA,NA,NA,NA
"2024_Albany_stereo-BRUVs","82003003",0,"87",-35.031,117.883,"2024-04-26T13:10:00+08:00",NA,NA,"Fished","3.4","Yes","Yes",NA,"South-west","Annika","Sylvie",NA,NA,"Physical","Relief","Low / moderate","Low (<1m)","1",NA,NA,NA,NA,NA,NA
"2024_Albany_stereo-BRUVs","82003004",10,"87",-35.031,117.883,"2024-04-26T13:10:00+08:00",NA,NA,"Fished","3.4","Yes","Yes",NA,"South-west","Annika","Sylvie",NA,NA,"Physical","Relief","Low / moderate","Moderate (1-3m)","2",NA,NA,NA,NA,NA,NA
"2024_Albany_stereo-BRUVs",NA,0,"87",-35.031,117.883,"2024-04-26T13:10:00+08:00",NA,NA,"Fished","3.4","Yes","Yes",NA,"South-west","Annika","Sylvie",NA,NA,NA,NA,NA,NA,NA,NA,NA,NA,NA,NA,NA
"2024_Albany_stereo-BRUVs","82003001",0,"88",-35.03,117.884,"2024-04-26T13:11:00+08:00",NA,NA,"Fished","2.2","Yes","Yes",NA,"South-west","Joshua","Annika",NA,NA,"Physical","Relief","Flat",NA,"0",NA,NA,NA,NA,NA,NA
"2024_Albany_stereo-BRUVs","82003003",2,"88",-35.03,117.884,"2024-04-26T13:11:00+08:00",NA,NA,"Fished","2.2","Yes","Yes",NA,"South-west","Joshua","Annika",NA,NA,"Physical","Relief","Low / moderate","Low (<1m)","1",NA,NA,NA,NA,NA,NA
"2024_Albany_stereo-BRUVs","82003004",8,"88",-35.03,117.884,"2024-04-26T13:11:00+08:00",NA,NA,"Fished","2.2","Yes","Yes",NA,"South-west","Joshua","Annika",NA,NA,"Physical","Relief","Low / moderate","Moderate (1-3m)","2",NA,NA,NA,NA,NA,NA
"2024_Albany_stereo-BRUVs",NA,0,"88",-35.03,117.884,"2024-04-26T13:11:00+08:00",NA,NA,"Fished","2.2","Yes","Yes",NA,"South-west","Joshua","Annika",NA,NA,NA,NA,NA,NA,NA,NA,NA,NA,NA,NA,NA
"2024_Albany_stereo-BRUVs","82003001",0,NA,NA,NA,NA,NA,NA,NA,NA,NA,NA,NA,NA,NA,NA,NA,NA,"Physical","Relief","Flat",NA,"0",NA,NA,NA,NA,NA,NA
"2024_Albany_stereo-BRUVs","82003003",0,NA,NA,NA,NA,NA,NA,NA,NA,NA,NA,NA,NA,NA,NA,NA,NA,"Physical","Relief","Low / moderate","Low (<1m)","1",NA,NA,NA,NA,NA,NA
"2024_Albany_stereo-BRUVs","82003004",10,NA,NA,NA,NA,NA,NA,NA,NA,NA,NA,NA,NA,NA,NA,NA,NA,"Physical","Relief","Low / moderate","Moderate (1-3m)","2",NA,NA,NA,NA,NA,NA
"2024_Albany_stereo-BRUVs",NA,0,NA,NA,NA,NA,NA,NA,NA,NA,NA,NA,NA,NA,NA,NA,NA,NA,NA,NA,NA,NA,NA,NA,NA,NA,NA,NA,NA
"2024_Albany_stereo-BRUVs","82003001",10,NA,NA,NA,NA,NA,NA,NA,NA,NA,NA,NA,NA,NA,NA,NA,NA,"Physical","Relief","Flat",NA,"0",NA,NA,NA,NA,NA,NA
"2024_Albany_stereo-BRUVs","82003003",0,NA,NA,NA,NA,NA,NA,NA,NA,NA,NA,NA,NA,NA,NA,NA,NA,"Physical","Relief","Low / moderate","Low (<1m)","1",NA,NA,NA,NA,NA,NA
"2024_Albany_stereo-BRUVs","82003004",0,NA,NA,NA,NA,NA,NA,NA,NA,NA,NA,NA,NA,NA,NA,NA,NA,"Physical","Relief","Low / moderate","Moderate (1-3m)","2",NA,NA,NA,NA,NA,NA
"2024_Albany_stereo-BRUVs",NA,0,NA,NA,NA,NA,NA,NA,NA,NA,NA,NA,NA,NA,NA,NA,NA,NA,NA,NA,NA,NA,NA,NA,NA,NA,NA,NA,NA
"2024_Albany_stereo-BRUVs","82003001",8,NA,NA,NA,NA,NA,NA,NA,NA,NA,NA,NA,NA,NA,NA,NA,NA,"Physical","Relief","Flat",NA,"0",NA,NA,NA,NA,NA,NA
"2024_Albany_stereo-BRUVs","82003003",2,NA,NA,NA,NA,NA,NA,NA,NA,NA,NA,NA,NA,NA,NA,NA,NA,"Physical","Relief","Low / moderate","Low (<1m)","1",NA,NA,NA,NA,NA,NA
"2024_Albany_stereo-BRUVs","82003004",0,NA,NA,NA,NA,NA,NA,NA,NA,NA,NA,NA,NA,NA,NA,NA,NA,"Physical","Relief","Low / moderate","Moderate (1-3m)","2",NA,NA,NA,NA,NA,NA
"2024_Albany_stereo-BRUVs",NA,0,NA,NA,NA,NA,NA,NA,NA,NA,NA,NA,NA,NA,NA,NA,NA,NA,NA,NA,NA,NA,NA,NA,NA,NA,NA,NA,NA
"2024_Albany_stereo-BRUVs","82003001",1,NA,NA,NA,NA,NA,NA,NA,NA,NA,NA,NA,NA,NA,NA,NA,NA,"Physical","Relief","Flat",NA,"0",NA,NA,NA,NA,NA,NA
"2024_Albany_stereo-BRUVs","82003003",4,NA,NA,NA,NA,NA,NA,NA,NA,NA,NA,NA,NA,NA,NA,NA,NA,"Physical","Relief","Low / moderate","Low (<1m)","1",NA,NA,NA,NA,NA,NA
"2024_Albany_stereo-BRUVs","82003004",5,NA,NA,NA,NA,NA,NA,NA,NA,NA,NA,NA,NA,NA,NA,NA,NA,"Physical","Relief","Low / moderate","Moderate (1-3m)","2",NA,NA,NA,NA,NA,NA
"2024_Albany_stereo-BRUVs",NA,0,NA,NA,NA,NA,NA,NA,NA,NA,NA,NA,NA,NA,NA,NA,NA,NA,NA,NA,NA,NA,NA,NA,NA,NA,NA,NA,NA
"2024_Albany_stereo-BRUVs","82003001",0,NA,NA,NA,NA,NA,NA,NA,NA,NA,NA,NA,NA,NA,NA,NA,NA,"Physical","Relief","Flat",NA,"0",NA,NA,NA,NA,NA,NA
"2024_Albany_stereo-BRUVs","82003003",0,NA,NA,NA,NA,NA,NA,NA,NA,NA,NA,NA,NA,NA,NA,NA,NA,"Physical","Relief","Low / moderate","Low (<1m)","1",NA,NA,NA,NA,NA,NA
"2024_Albany_stereo-BRUVs","82003004",10,NA,NA,NA,NA,NA,NA,NA,NA,NA,NA,NA,NA,NA,NA,NA,NA,"Physical","Relief","Low / moderate","Moderate (1-3m)","2",NA,NA,NA,NA,NA,NA
"2024_Albany_stereo-BRUVs",NA,0,NA,NA,NA,NA,NA,NA,NA,NA,NA,NA,NA,NA,NA,NA,NA,NA,NA,NA,NA,NA,NA,NA,NA,NA,NA,NA,NA
"2024_Albany_stereo-BRUVs","82003001",0,NA,NA,NA,NA,NA,NA,NA,NA,NA,NA,NA,NA,NA,NA,NA,NA,"Physical","Relief","Flat",NA,"0",NA,NA,NA,NA,NA,NA
"2024_Albany_stereo-BRUVs","82003003",0,NA,NA,NA,NA,NA,NA,NA,NA,NA,NA,NA,NA,NA,NA,NA,NA,"Physical","Relief","Low / moderate","Low (<1m)","1",NA,NA,NA,NA,NA,NA
"2024_Albany_stereo-BRUVs","82003004",10,NA,NA,NA,NA,NA,NA,NA,NA,NA,NA,NA,NA,NA,NA,NA,NA,"Physical","Relief","Low / moderate","Moderate (1-3m)","2",NA,NA,NA,NA,NA,NA
"2024_Albany_stereo-BRUVs",NA,0,NA,NA,NA,NA,NA,NA,NA,NA,NA,NA,NA,NA,NA,NA,NA,NA,NA,NA,NA,NA,NA,NA,NA,NA,NA,NA,NA
"2024_Albany_stereo-BRUVs","82003001",7,NA,NA,NA,NA,NA,NA,NA,NA,NA,NA,NA,NA,NA,NA,NA,NA,"Physical","Relief","Flat",NA,"0",NA,NA,NA,NA,NA,NA
"2024_Albany_stereo-BRUVs","82003003",3,NA,NA,NA,NA,NA,NA,NA,NA,NA,NA,NA,NA,NA,NA,NA,NA,"Physical","Relief","Low / moderate","Low (<1m)","1",NA,NA,NA,NA,NA,NA
"2024_Albany_stereo-BRUVs","82003004",0,NA,NA,NA,NA,NA,NA,NA,NA,NA,NA,NA,NA,NA,NA,NA,NA,"Physical","Relief","Low / moderate","Moderate (1-3m)","2",NA,NA,NA,NA,NA,NA
"2024_Albany_stereo-BRUVs",NA,0,NA,NA,NA,NA,NA,NA,NA,NA,NA,NA,NA,NA,NA,NA,NA,NA,NA,NA,NA,NA,NA,NA,NA,NA,NA,NA,NA
"2024_Albany_stereo-BRUVs","82003001",10,NA,NA,NA,NA,NA,NA,NA,NA,NA,NA,NA,NA,NA,NA,NA,NA,"Physical","Relief","Flat",NA,"0",NA,NA,NA,NA,NA,NA
"2024_Albany_stereo-BRUVs","82003003",0,NA,NA,NA,NA,NA,NA,NA,NA,NA,NA,NA,NA,NA,NA,NA,NA,"Physical","Relief","Low / moderate","Low (<1m)","1",NA,NA,NA,NA,NA,NA
"2024_Albany_stereo-BRUVs","82003004",0,NA,NA,NA,NA,NA,NA,NA,NA,NA,NA,NA,NA,NA,NA,NA,NA,"Physical","Relief","Low / moderate","Moderate (1-3m)","2",NA,NA,NA,NA,NA,NA
"2024_Albany_stereo-BRUVs",NA,0,NA,NA,NA,NA,NA,NA,NA,NA,NA,NA,NA,NA,NA,NA,NA,NA,NA,NA,NA,NA,NA,NA,NA,NA,NA,NA,NA
"2024_Albany_stereo-BRUVs","82003001",10,NA,NA,NA,NA,NA,NA,NA,NA,NA,NA,NA,NA,NA,NA,NA,NA,"Physical","Relief","Flat",NA,"0",NA,NA,NA,NA,NA,NA
"2024_Albany_stereo-BRUVs","82003003",0,NA,NA,NA,NA,NA,NA,NA,NA,NA,NA,NA,NA,NA,NA,NA,NA,"Physical","Relief","Low / moderate","Low (<1m)","1",NA,NA,NA,NA,NA,NA
"2024_Albany_stereo-BRUVs","82003004",0,NA,NA,NA,NA,NA,NA,NA,NA,NA,NA,NA,NA,NA,NA,NA,NA,"Physical","Relief","Low / moderate","Moderate (1-3m)","2",NA,NA,NA,NA,NA,NA
"2024_Albany_stereo-BRUVs",NA,0,NA,NA,NA,NA,NA,NA,NA,NA,NA,NA,NA,NA,NA,NA,NA,NA,NA,NA,NA,NA,NA,NA,NA,NA,NA,NA,NA
"2024_Albany_stereo-BRUVs","82003001",8,NA,NA,NA,NA,NA,NA,NA,NA,NA,NA,NA,NA,NA,NA,NA,NA,"Physical","Relief","Flat",NA,"0",NA,NA,NA,NA,NA,NA
"2024_Albany_stereo-BRUVs","82003003",2,NA,NA,NA,NA,NA,NA,NA,NA,NA,NA,NA,NA,NA,NA,NA,NA,"Physical","Relief","Low / moderate","Low (<1m)","1",NA,NA,NA,NA,NA,NA
"2024_Albany_stereo-BRUVs","82003004",0,NA,NA,NA,NA,NA,NA,NA,NA,NA,NA,NA,NA,NA,NA,NA,NA,"Physical","Relief","Low / moderate","Moderate (1-3m)","2",NA,NA,NA,NA,NA,NA
"2024_Albany_stereo-BRUVs",NA,0,NA,NA,NA,NA,NA,NA,NA,NA,NA,NA,NA,NA,NA,NA,NA,NA,NA,NA,NA,NA,NA,NA,NA,NA,NA,NA,NA
