"campaignid","sample","dataset","planned.or.exploratory","latitude","longitude","date","time","location","status","site","depth","observer","successful.count","successful.length","commonwealth.zone","state.zone","raw.hdd.number","con.hdd.number"
"2020-06_south-west_stereo-BRUVs","01",NA,"MBH",-34.128599,114.930865,20200602,"09:10","South-west","No-take","c1",46.7,"Hayley","Yes","Yes","National Park Zone",NA,"1",NA
"2020-06_south-west_stereo-BRUVs","02",NA,"MBH",-34.125316,114.928838,20200602,"09:18","South-west","No-take","c1",44.4,"Hayley","Yes","No","National Park Zone",NA,"1",NA
"2020-06_south-west_stereo-BRUVs","03",NA,"MBH",-34.126906,114.925945,20200602,"09:27","South-west","No-take","c1",39.3,"Hayley","Yes","Yes","National Park Zone",NA,"1",NA
"2020-06_south-west_stereo-BRUVs","04",NA,"MBH",-34.122634,114.920337,20200602,"09:44","South-west","No-take","c2",44.1,"Hayley","Yes","Yes","National Park Zone",NA,"1",NA
"2020-06_south-west_stereo-BRUVs","05",NA,"MBH",-34.131497,114.915753,20200602,"09:57","South-west","No-take","c3",44.1,"Hayley","Yes","Yes","National Park Zone",NA,"1",NA
"2020-06_south-west_stereo-BRUVs","06",NA,"MBH",-34.132842,114.912405,20200602,"10:06","South-west","No-take","c3",43.2,"Hayley","Yes","Yes","National Park Zone",NA,"1",NA
"2020-06_south-west_stereo-BRUVs","07",NA,"MBH",-34.134771,114.910241,20200602,"10:16","South-west","No-take","c3",43.9,"Hayley","Yes","No","National Park Zone",NA,"1",NA
"2020-06_south-west_stereo-BRUVs","08",NA,"MBH",-34.129352,114.911755,20200602,"13:48","South-west","No-take","c3",39.6,"Hayley","Yes","Yes","National Park Zone",NA,"1",NA
"2020-06_south-west_stereo-BRUVs","09",NA,"MBH",-34.119541,114.916105,20200602,"11:45","South-west","No-take","c2",43.8,"Hayley","Yes","Yes","National Park Zone",NA,"1",NA
"2020-06_south-west_stereo-BRUVs","10",NA,"MBH",-34.117294,114.918685,20200602,"11:51","South-west","No-take","c2",45.7,"Hayley","Yes","Yes","National Park Zone",NA,"1",NA
"2020-06_south-west_stereo-BRUVs","11",NA,"MBH",-34.117752,114.92306,20200602,"13:55","South-west","No-take","c2",45.08,"Hayley","Yes","Yes","National Park Zone",NA,"1",NA
"2020-06_south-west_stereo-BRUVs","12",NA,"MBH",-34.132262,114.928545,20200602,"12:03","South-west","No-take","c1",40.1,"Hayley","Yes","Yes","National Park Zone",NA,"1",NA
"2020-06_south-west_stereo-BRUVs","13",NA,"Legacy",-34.128506,114.930547,20200602,"12:09","South-west","No-take","c1",45.2,"Hayley","Yes","Yes","National Park Zone",NA,"1",NA
"2020-06_south-west_stereo-BRUVs","14",NA,"Legacy",-34.128381,114.925457,20200602,"12:16","South-west","No-take","c1",35,"Hayley","Yes","No","National Park Zone",NA,"1",NA
"2020-06_south-west_stereo-BRUVs","15",NA,"Legacy",-34.125012,114.91032,20200602,"14:09","South-west","No-take","c3",43,"Hayley","Yes","Yes","National Park Zone",NA,"1",NA
"2020-06_south-west_stereo-BRUVs","16",NA,"Legacy",-34.126181,114.906548,20200602,"14:14","South-west","No-take","c3",40.9,"Hayley","Yes","Yes","National Park Zone",NA,"1",NA
"2020-06_south-west_stereo-BRUVs","17",NA,"Legacy",-34.132142,114.92083,20200602,"14:20","South-west","No-take","c3",40.2,"Hayley","Yes","Yes","National Park Zone",NA,"1",NA
"2020-06_south-west_stereo-BRUVs","18",NA,"Legacy",-34.128679,114.924078,20200602,"14:25","South-west","No-take","c1",35.8,"Hayley","Yes","No","National Park Zone",NA,"1",NA
"2020-06_south-west_stereo-BRUVs","20",NA,"MBH",-34.130219,114.820233,20200603,"08:16","South-west","No-take","c8",51.7,"Hayley","Yes","No","National Park Zone",NA,"1",NA
"2020-06_south-west_stereo-BRUVs","21",NA,"MBH",-34.128151,114.817448,20200603,"08:24","South-west","No-take","c8",52.4,"Hayley","Yes","Yes","National Park Zone",NA,"1",NA
"2020-06_south-west_stereo-BRUVs","22",NA,"MBH",-34.126271,114.819552,20200603,"08:32","South-west","No-take","c8",51.9,"Hayley","Yes","Yes","National Park Zone",NA,"1",NA
"2020-06_south-west_stereo-BRUVs","23",NA,"MBH",-34.124217,114.817017,20200603,"08:38","South-west","No-take","c8",51.3,"Hayley","Yes","Yes","National Park Zone",NA,"1",NA
"2020-06_south-west_stereo-BRUVs","24",NA,"MBH",-34.118739,114.826402,20200603,"08:47","South-west","No-take","c7",49.8,"Hayey","Yes","Yes","National Park Zone",NA,"1",NA
"2020-06_south-west_stereo-BRUVs","25",NA,"MBH",-34.116829,114.828432,20200603,"08:54","South-west","No-take","c7",48.4,"Hayley","Yes","Yes","National Park Zone",NA,"1",NA
"2020-06_south-west_stereo-BRUVs","26",NA,"MBH",-34.120881,114.828907,20200603,"09:02","South-west","No-take","c7",48.4,"Hayley","Yes","Yes","National Park Zone",NA,"1",NA
"2020-06_south-west_stereo-BRUVs","27",NA,"MBH",-34.121824,114.832898,20200603,"10:19","South-west","No-take","c7",47.8,"Hayley","Yes","Yes","National Park Zone",NA,"1",NA
"2020-06_south-west_stereo-BRUVs","28",NA,"MBH",-34.112916,114.852137,20200603,"10:27","South-west","No-take","c6",44.7,"Hayley","Yes","Yes","National Park Zone",NA,"1",NA
"2020-06_south-west_stereo-BRUVs","29",NA,"MBH",-34.111084,114.855648,20200603,"10:31","South-west","No-take","c6",43,"Hayley","Yes","Yes","National Park Zone",NA,"1",NA
"2020-06_south-west_stereo-BRUVs","30",NA,"MBH",-34.112094,114.85946,20200603,"10:37","South-west","No-take","c6",42.9,"Hayley","Yes","Yes","National Park Zone",NA,"1",NA
"2020-06_south-west_stereo-BRUVs","31",NA,"MBH",-34.116007,114.860738,20200603,"10:42","South-west","No-take","c6",44.4,"Hayley","Yes","Yes","National Park Zone",NA,"1",NA
"2020-06_south-west_stereo-BRUVs","32",NA,"MBH",-34.130076,114.86109,20200603,"10:49","South-west","No-take","c5",43.2,"Hayley","Yes","Yes","National Park Zone",NA,"1",NA
"2020-06_south-west_stereo-BRUVs","33",NA,"MBH",-34.133067,114.8627,20200603,"10:54","South-west","No-take","c5",43.6,"Hayley","Yes","No","National Park Zone",NA,"1",NA
"2020-06_south-west_stereo-BRUVs","34",NA,"MBH",-34.131334,114.866053,20200603,"12:18","South-west","No-take","c5",42.7,"Hayley","Yes","Yes","National Park Zone",NA,"1",NA
"2020-06_south-west_stereo-BRUVs","35",NA,"MBH",-34.134801,114.869348,20200603,"12:23","South-west","No-take","c5",43.8,"Hayley","Yes","Yes","National Park Zone",NA,"1",NA
"2020-06_south-west_stereo-BRUVs","36",NA,"MBH",-34.130484,114.878263,20200603,"12:29","South-west","No-take","c4",42.2,"Hayey","Yes","Yes","National Park Zone",NA,"1",NA
"2020-06_south-west_stereo-BRUVs","37",NA,"MBH",-34.126354,114.878937,20200603,"12:34","South-west","No-take","c4",41.2,"Hayley","Yes","Yes","National Park Zone",NA,"1",NA
"2020-06_south-west_stereo-BRUVs","38",NA,"MBH",-34.127912,114.883938,20200603,"12:39","South-west","No-take","c4",41.8,"Hayley","Yes","Yes","National Park Zone",NA,"1",NA
"2020-06_south-west_stereo-BRUVs","39",NA,"MBH",-34.132294,114.884797,20200603,"12:42","South-west","No-take","c4",42.2,"Hayley","Yes","Yes","National Park Zone",NA,"1",NA
"2020-06_south-west_stereo-BRUVs","40",NA,"MBH",-34.133669,114.880443,20200603,"12:46","South-west","No-take","c4",41.2,"Hayley","Yes","Yes","National Park Zone",NA,"1",NA
"2020-10_south-west_stereo-BRUVs","FH10","FH","MBH",-33.98618897,114.8863721,20201013,"12:32:00","South-west","Fished","C.FH.24",42.9,"Hayley","Yes","Yes","Special Purpose Zone (Mining Exclusion)",NA,"RAW2","CON1/CON2"
"2020-10_south-west_stereo-BRUVs","FH102","FH","MBH",-33.68868897,114.9288721,20201017,"6:42:00","South-west","No-take","C.FH.3",44.1,"Daphne","Yes","Yes",NA,"Injidup Sanctuary Zone","RAW1","BU1"
"2020-10_south-west_stereo-BRUVs","FH106","FH","MBH",-33.78868897,114.8163721,20201012,"13:16:00","South-west","Fished","C.FH.12",47.1,"Hayley","Yes","Yes","Special Purpose Zone (Mining Exclusion)",NA,"RAW2","CON1/CON2"
"2020-10_south-west_stereo-BRUVs","FH108","FH","MBH",-33.76118897,114.9238721,20201017,"9:32:00","South-west","Fished","C.FH.9",44.7,"Daphne","Yes","Yes","Special Purpose Zone (Mining Exclusion)",NA,"RAW1","BU1"
"2020-10_south-west_stereo-BRUVs","FH109","FH","MBH",-33.91618897,114.9088721,20201029,"13:04:00","South-west","Fished","C.FH.20",45.9,"Rachel","Yes","Yes","Special Purpose Zone (Mining Exclusion)",NA,"RAW4","CON3"
"2020-10_south-west_stereo-BRUVs","FH11","FH","MBH",-33.89868897,114.9388721,20201029,"14:48:00","South-west","Fished","C.FH.18",42.3,"Rachel","Yes","Yes",NA,NA,"RAW4","CON3"
"2020-10_south-west_stereo-BRUVs","FH110","FH","MBH",-33.80868897,114.8213721,20201012,"15:06:00","South-west","Fished","C.FH.13",44.7,"Daphne","Yes","Yes","Special Purpose Zone (Mining Exclusion)",NA,"RAW2",NA
"2020-10_south-west_stereo-BRUVs","FH111","FH","MBH",-33.98618897,114.8788721,20201013,"12:28:00","South-west","Fished","C.FH.24",41.4,"Daphne","Yes","Yes","Special Purpose Zone (Mining Exclusion)",NA,"RAW2",NA
"2020-10_south-west_stereo-BRUVs","FH113","FH","MBH",-33.72368897,114.7963721,20201012,"12:41:00","South-west","Fished","C.FH.7",45,"Daphne","Yes","No","Special Purpose Zone (Mining Exclusion)",NA,"RAW2","CON1/CON2"
"2020-10_south-west_stereo-BRUVs","FH12","FH","MBH",-33.91868897,114.8963721,20201029,"12:46:00","South-west","Fished","C.FH.21",46.1,"Rachel","Yes","Yes","Special Purpose Zone (Mining Exclusion)",NA,"RAW4","CON3"
"2020-10_south-west_stereo-BRUVs","FH14","FH","MBH",-33.76618897,114.8713721,20201017,"11:24:00","South-west","Fished","C.FH.10",44.4,"Daphne","Yes","No","Special Purpose Zone (Mining Exclusion)",NA,"RAW1","CON1/CON2"
"2020-10_south-west_stereo-BRUVs","FH15","FH","MBH",-33.68868897,114.8063721,20201012,"10:29:00","South-west","Fished","C.FH.4",48,"Daphne","Yes","Yes","Special Purpose Zone (Mining Exclusion)",NA,"RAW2",NA
"2020-10_south-west_stereo-BRUVs","FH16","FH","MBH",-33.90118897,114.8563721,20201013,"8:02:00","South-west","Fished","C.FH.19",43.1,"Hayley","Yes","check calibration","Special Purpose Zone (Mining Exclusion)",NA,"RAW2","CON1/CON2"
"2020-10_south-west_stereo-BRUVs","FH17","FH","MBH",-33.83368897,114.8763721,20201012,"15:35:00","South-west","Fished","C.FH.14",42.9,"Daphne","Yes","Yes","Special Purpose Zone (Mining Exclusion)",NA,"RAW2",NA
"2020-10_south-west_stereo-BRUVs","FH18","FH","MBH",-33.79118897,114.8213721,20201012,"13:19:00","South-west","Fished","C.FH.12",43.5,"Daphne","Yes","Yes","Special Purpose Zone (Mining Exclusion)",NA,"RAW2","BU1"
"2020-10_south-west_stereo-BRUVs","FH2","FH","MBH",-33.91868897,114.8913721,20201029,"12:43:00","South-west","Fished","C.FH.21",43.9,"Daphne","Yes","No","Special Purpose Zone (Mining Exclusion)",NA,"RAW4","CON3"
"2020-10_south-west_stereo-BRUVs","FH20","FH","MBH",-33.78618897,114.8738721,20201017,"11:40:00","South-west","Fished","C.FH.11",43.1,"Daphne","Yes","Yes","Special Purpose Zone (Mining Exclusion)",NA,"RAW1","BU1"
"2020-10_south-west_stereo-BRUVs","FH21","FH","MBH",-33.79368897,114.8088721,20201012,"13:26:00","South-west","Fished","C.FH.12",45,"Daphne","Yes","Yes","Special Purpose Zone (Mining Exclusion)",NA,"RAW2",NA
"2020-10_south-west_stereo-BRUVs","FH23","FH","MBH",-33.94618897,114.8288721,20201013,"9:51:00","South-west","Fished","C.FH.22",44.2,"Daphne","Yes","Yes","Special Purpose Zone (Mining Exclusion)",NA,"RAW2",NA
"2020-10_south-west_stereo-BRUVs","FH24","FH","MBH",-33.66868897,114.8438721,20201012,"7:55:00","South-west","Fished","C.FH.1",47.6,"Brooke Gibbons","Yes","Yes","Special Purpose Zone (Mining Exclusion)",NA,"RAW2",NA
"2020-10_south-west_stereo-BRUVs","FH25","FH","MBH",-33.87868897,114.8163721,20201013,"7:34:00","South-west","Fished","C.FH.16",45.4,"Hayley","Yes","Yes","Special Purpose Zone (Mining Exclusion)",NA,"RAW2","CON1/CON2"
"2020-10_south-west_stereo-BRUVs","FH26","FH","MBH",-33.81118897,114.8288721,20201012,"15:10:00","South-west","Fished","C.FH.13",44.1,"Daphne","Yes","check calibration","Special Purpose Zone (Mining Exclusion)",NA,"RAW2","BU1"
"2020-10_south-west_stereo-BRUVs","FH27","FH","MBH",-33.83618897,114.8713721,20201012,"15:39:00","South-west","Fished","C.FH.14",42.9,"Daphne","Yes","Yes","Special Purpose Zone (Mining Exclusion)",NA,"RAW2","BU1"
"2020-10_south-west_stereo-BRUVs","FH28","FH","MBH",-33.76368897,114.9338721,20201017,"9:24:00","South-west","Fished","C.FH.9",44.7,"Daphne","Yes","Yes",NA,NA,"RAW1",NA
"2020-10_south-west_stereo-BRUVs","FH30","FH","MBH",-33.75118897,114.8888721,20201017,"11:12:00","South-west","Fished","C.FH.8",46.2,"Daphne","Yes","Yes","Special Purpose Zone (Mining Exclusion)",NA,"RAW1",NA
"2020-10_south-west_stereo-BRUVs","FH31","FH","MBH",-33.67368897,114.8238721,20201012,"8:27:00","South-west","Fished","C.FH.2",45.4,"Daphne","Yes","Yes","Special Purpose Zone (Mining Exclusion)",NA,"RAW2","BU1"
"2020-10_south-west_stereo-BRUVs","FH32","FH","MBH",-33.69618897,114.9463721,20201017,"8:50:00","South-west","No-take","C.FH.5",42.9,"Daphne","Yes","No",NA,"Injidup Sanctuary Zone","RAW1","CON1/CON2"
"2020-10_south-west_stereo-BRUVs","FH33","FH","MBH",-33.70868897,114.8263721,20201012,"10:54:00","South-west","Fished","C.FH.6",42.3,"Daphne","Yes","No","Special Purpose Zone (Mining Exclusion)",NA,"RAW2",NA
"2020-10_south-west_stereo-BRUVs","FH34","FH","MBH",-33.78618897,114.8838721,20201017,"11:51:00","South-west","Fished","C.FH.11",44.8,"Daphne","Yes","Yes","Special Purpose Zone (Mining Exclusion)",NA,"RAW1","BU1"
"2020-10_south-west_stereo-BRUVs","FH35","FH","MBH",-33.88368897,114.9313721,20201029,"15:09:00","South-west","Fished","C.FH.17",45.2,"Rachel","Yes","Yes",NA,NA,"RAW4","CON3"
"2020-10_south-west_stereo-BRUVs","FH37","FH","MBH",-33.71118897,114.8138721,20201012,"11:03:00","South-west","Fished","C.FH.6",44.2,"Daphne","Yes","Yes","Special Purpose Zone (Mining Exclusion)",NA,"RAW2","BU5.5"
"2020-10_south-west_stereo-BRUVs","FH39","FH","MBH",-33.90368897,114.9313721,20201029,"14:44:00","South-west","Fished","C.FH.18",44.8,"Daphne","Yes","Yes",NA,NA,"RAW4",NA
"2020-10_south-west_stereo-BRUVs","FH40","FH","MBH",-33.92368897,114.8888721,20201029,"12:40:00","South-west","Fished","C.FH.21",42.9,"Daphne","Yes","No","Special Purpose Zone (Mining Exclusion)",NA,"RAW4","CON3"
"2020-10_south-west_stereo-BRUVs","FH41","FH","MBH",-33.67118897,114.8388721,20201012,"8:01:00","South-west","Fished","C.FH.1",44.1,"Claude","Yes","Yes","Special Purpose Zone (Mining Exclusion)",NA,"RAW2","CON1/CON2"
"2020-10_south-west_stereo-BRUVs","FH42","FH","MBH",-33.88118897,114.8113721,20201013,"7:38:00","South-west","Fished","C.FH.16",45.7,"Hayley","Yes","Yes","Special Purpose Zone (Mining Exclusion)",NA,"RAW2","CON1/CON2"
"2020-10_south-west_stereo-BRUVs","FH44","FH","MBH",-33.77118897,114.8638721,20201017,"11:28:00","South-west","Fished","C.FH.10",43.3,"Daphne","Yes","Yes","Special Purpose Zone (Mining Exclusion)",NA,"RAW1","BU1"
"2020-10_south-west_stereo-BRUVs","FH45","FH","MBH",-33.69368897,114.7988721,20201012,"10:39:00","South-west","Fished","C.FH.4",47.6,"Claude","Yes","Yes","Special Purpose Zone (Mining Exclusion)",NA,"RAW2","CON1/CON2"
"2020-10_south-west_stereo-BRUVs","FH46","FH","MBH",-33.76618897,114.9288721,20201017,"9:28:00","South-west","Fished","C.FH.9",44.9,"Daphne","Yes","Yes",NA,NA,"RAW1",NA
"2020-10_south-west_stereo-BRUVs","FH47","FH","MBH",-33.90618897,114.8488721,20201013,"8:09:00","South-west","Fished","C.FH.19",43.5,"Hayley","Yes","Yes","Special Purpose Zone (Mining Exclusion)",NA,"RAW2","CON1/CON2"
"2020-10_south-west_stereo-BRUVs","FH48","FH","MBH",-33.79618897,114.8138721,20201012,"13:23:00","South-west","Fished","C.FH.12",48.5,"Claude","Yes","reconvert R videos","Special Purpose Zone (Mining Exclusion)",NA,"RAW2","CON1/CON2"
"2020-10_south-west_stereo-BRUVs","FH49","FH","MBH",-33.92118897,114.9163721,20201029,"13:00:00","South-west","Fished","C.FH.20",43.9,"Daphne","Yes","Yes","Special Purpose Zone (Mining Exclusion)",NA,"RAW4",NA
"2020-10_south-west_stereo-BRUVs","FH5","FH","MBH",-33.69368897,114.9413721,20201017,"8:46:00","South-west","No-take","C.FH.5",44.5,"Daphne","Yes","Yes",NA,"Injidup Sanctuary Zone","RAW1","BU1"
"2020-10_south-west_stereo-BRUVs","FH50","FH","MBH",-33.68118897,114.9313721,20201017,"6:51:00","South-west","No-take","C.FH.3",44.6,"Daphne","Yes","Yes",NA,"Injidup Sanctuary Zone","RAW1",NA
"2020-10_south-west_stereo-BRUVs","FH51","FH","MBH",-33.90618897,114.8538721,20201013,"8:06:00","South-west","Fished","C.FH.19",43,"Hayley","Yes","Yes","Special Purpose Zone (Mining Exclusion)",NA,"RAW2","CON1/CON2"
"2020-10_south-west_stereo-BRUVs","FH52","FH","MBH",-33.99118897,114.8888721,20201013,"12:36:00","South-west","Fished","C.FH.24",42.1,"Hayley","Yes","Yes","Special Purpose Zone (Mining Exclusion)",NA,"RAW2","CON1/CON2"
"2020-10_south-west_stereo-BRUVs","FH54","FH","MBH",-33.76618897,114.9388721,20201017,"9:20:00","South-west","Fished","C.FH.9",43.2,"Daphne","Yes","No",NA,NA,"RAW1","CON1/CON2"
"2020-10_south-west_stereo-BRUVs","FH55","FH","MBH",-33.92368897,114.9088721,20201029,"12:52:00","South-west","Fished","C.FH.20",44.9,"Rachel","Yes","Yes","Special Purpose Zone (Mining Exclusion)",NA,"RAW4","CON3"
"2020-10_south-west_stereo-BRUVs","FH56","FH","MBH",-33.83118897,114.8663721,20201012,"15:31:00","South-west","Fished","C.FH.14",43.5,"Claude","Yes","Yes","Special Purpose Zone (Mining Exclusion)",NA,"RAW2","CON1/CON2"
"2020-10_south-west_stereo-BRUVs","FH57","FH","MBH",-33.78868897,114.8113721,20201012,"13:12:00","South-west","Fished","C.FH.12",45.8,"Claude","Yes","Yes","Special Purpose Zone (Mining Exclusion)",NA,"RAW2","CON1/CON2"
"2020-10_south-west_stereo-BRUVs","FH58","FH","MBH",-33.66368897,114.8413721,20201012,"7:47:00","South-west","Fished","C.FH.1",45.1,"Daphne","Yes","Yes","Special Purpose Zone (Mining Exclusion)",NA,"RAW2","CON1/CON2"
"2020-10_south-west_stereo-BRUVs","FH59","FH","MBH",-33.66868897,114.8188721,20201012,"8:32:00","South-west","Fished","C.FH.2",44.6,"Claude","Yes","reconvert R videos","Special Purpose Zone (Mining Exclusion)",NA,"RAW2","CON1/CON2"
"2020-10_south-west_stereo-BRUVs","FH6","FH","MBH",-33.70618897,114.8213721,20201012,"10:50:00","South-west","Fished","C.FH.6",46,"Daphne","Yes","Yes","Special Purpose Zone (Mining Exclusion)",NA,"RAW2","BU1"
"2020-10_south-west_stereo-BRUVs","FH60","FH","MBH",-33.81618897,114.8213721,20201012,"15:14:00","South-west","Fished","C.FH.13",44.5,"Claude","Yes","Yes","Special Purpose Zone (Mining Exclusion)",NA,"RAW2","CON1/CON2"
"2020-10_south-west_stereo-BRUVs","FH61","FH","MBH",-33.84118897,114.8638721,20201012,"15:43:00","South-west","Fished","C.FH.14",43.9,"Claude","Yes","Yes","Special Purpose Zone (Mining Exclusion)",NA,"RAW2","CON1/CON2"
"2020-10_south-west_stereo-BRUVs","FH62","FH","MBH",-33.75618897,114.8813721,20201017,"11:17:00","South-west","Fished","C.FH.8",45.1,"Daphne","Yes","No","Special Purpose Zone (Mining Exclusion)",NA,"RAW1",NA
"2020-10_south-west_stereo-BRUVs","FH63","FH","MBH",-33.67868897,114.8163721,20201012,"8:20:00","South-west","Fished","C.FH.2",46.3,"Claude","Yes","Yes","Special Purpose Zone (Mining Exclusion)",NA,"RAW2","CON1/CON2"
"2020-10_south-west_stereo-BRUVs","FH64","FH","MBH",-33.70118897,114.9388721,20201017,"8:56:00","South-west","No-take","C.FH.5",44.2,"Daphne","Yes","Yes",NA,"Injidup Sanctuary Zone","RAW1",NA
"2020-10_south-west_stereo-BRUVs","FH65","FH","MBH",-33.71368897,114.8188721,20201012,"10:59:00","South-west","Fished","C.FH.6",45.7,"Daphne","Yes","Yes","Special Purpose Zone (Mining Exclusion)",NA,"RAW2","CON1/CON2"
"2020-10_south-west_stereo-BRUVs","FH66","FH","MBH",-33.90618897,114.9363721,20201029,"14:40:00","South-west","Fished","C.FH.18",41.8,"Daphne","Yes","Yes",NA,NA,"RAW4",NA
"2020-10_south-west_stereo-BRUVs","FH67","FH","MBH",-33.88868897,114.9238721,20201029,"15:00:00","South-west","Fished","C.FH.17",46.1,"Rachel","Yes","Yes",NA,NA,"RAW4","CON3"
"2020-10_south-west_stereo-BRUVs","FH68","FH","MBH",-33.95118897,114.8288721,20201013,"10:01:00","South-west","Fished","C.FH.22",44.5,"Rachel","Yes","Yes","Special Purpose Zone (Mining Exclusion)",NA,"RAW2","CON1/CON2"
"2020-10_south-west_stereo-BRUVs","FH69","FH","MBH",-33.69618897,114.8038721,20201012,"10:43:00","South-west","Fished","C.FH.4",46.9,"Ramesh","Yes","Yes","Special Purpose Zone (Mining Exclusion)",NA,"RAW2","CON1/CON2"
"2020-10_south-west_stereo-BRUVs","FH7","FH","MBH",-33.78368897,114.8788721,20201017,"11:45:00","South-west","Fished","C.FH.11",45,"Daphne","Yes","Yes","Special Purpose Zone (Mining Exclusion)",NA,"RAW1","BU1"
"2020-10_south-west_stereo-BRUVs","FH70","FH","MBH",-33.67368897,114.8463721,20201012,"8:07:00","South-west","Fished","C.FH.1",48.6,"Daphne","Yes","Yes","Special Purpose Zone (Mining Exclusion)",NA,"RAW2","CON1/CON2"
"2020-10_south-west_stereo-BRUVs","FH71","FH","MBH",-33.88368897,114.8188721,20201013,"7:30:00","South-west","Fished","C.FH.16",45.3,"Daphne","Yes","Yes","Special Purpose Zone (Mining Exclusion)",NA,"RAW2",NA
"2020-10_south-west_stereo-BRUVs","FH72","FH","MBH",-33.88868897,114.9288721,20201029,"15:06:00","South-west","Fished","C.FH.17",44.1,"Rachel","Yes","Yes",NA,NA,"RAW4","CON3"
"2020-10_south-west_stereo-BRUVs","FH74","FH","MBH",-33.73118897,114.8063721,20201012,"12:47:00","South-west","Fished","C.FH.7",44.9,"Daphne","Yes","Yes","Special Purpose Zone (Mining Exclusion)",NA,"RAW2","CON1/CON2"
"2020-10_south-west_stereo-BRUVs","FH77","FH","MBH",-33.99618897,114.8763721,20201013,"12:42:00","South-west","Fished","C.FH.24",42,"Daphne","Yes","No","Special Purpose Zone (Mining Exclusion)",NA,"RAW2","CON1/CON2"
"2020-10_south-west_stereo-BRUVs","FH78","FH","MBH",-33.89118897,114.9163721,20201029,"14:56:00","South-west","Fished","C.FH.17",45.8,"Rachel","Yes","Yes","Special Purpose Zone (Mining Exclusion)",NA,"RAW4","CON3"
"2020-10_south-west_stereo-BRUVs","FH79","FH","MBH",-33.88618897,114.8088721,20201013,"7:43:00","South-west","Fished","C.FH.16",44.9,"Daphne","Yes","Yes","Special Purpose Zone (Mining Exclusion)",NA,"RAW2",NA
"2020-10_south-west_stereo-BRUVs","FH8","FH","MBH",-33.72368897,114.8013721,20201012,"12:34:00","South-west","Fished","C.FH.7",43.9,"Daphne","Yes","Yes","Special Purpose Zone (Mining Exclusion)",NA,"RAW2",NA
"2020-10_south-west_stereo-BRUVs","FH82","FH","MBH",-33.68618897,114.9238721,20201017,"6:46:00","South-west","No-take","C.FH.3",44.8,"Daphne","Yes","Yes",NA,"Injidup Sanctuary Zone","RAW1",NA
"2020-10_south-west_stereo-BRUVs","FH83","FH","MBH",-33.91118897,114.8463721,20201013,"8:13:00","South-west","Fished","C.FH.19",40.9,"Daphne","Yes","Yes","Special Purpose Zone (Mining Exclusion)",NA,"RAW2",NA
"2020-10_south-west_stereo-BRUVs","FH84","FH","MBH",-33.73368897,114.7988721,20201012,"12:50:00","South-west","Fished","C.FH.7",45.6,"Daphne","Yes","Yes","Special Purpose Zone (Mining Exclusion)",NA,"RAW2",NA
"2020-10_south-west_stereo-BRUVs","FH85","FH","MBH",-33.92618897,114.9138721,20201029,"12:55:00","South-west","Fished","C.FH.20",44.7,"Daphne","Yes","Yes","Special Purpose Zone (Mining Exclusion)",NA,"RAW4",NA
"2020-10_south-west_stereo-BRUVs","FH87","FH","MBH",-33.92868897,114.8938721,20201029,"12:36:00","South-west","Fished","C.FH.21",43.8,"Rachel","Yes","Yes","Special Purpose Zone (Mining Exclusion)",NA,"RAW4","CON3"
"2020-10_south-west_stereo-BRUVs","FH89","FH","MBH",-33.68618897,114.8013721,20201012,"10:34:00","South-west","Fished","C.FH.4",45.7,"Daphne","Yes","Yes","Special Purpose Zone (Mining Exclusion)",NA,"RAW2","CON1/CON2"
"2020-10_south-west_stereo-BRUVs","FH9","FH","MBH",-33.90118897,114.8513721,20201013,"7:58:00","South-west","Fished","C.FH.19",43.6,"Hayley","Yes","Yes","Special Purpose Zone (Mining Exclusion)",NA,"RAW2","CON1/CON2"
"2020-10_south-west_stereo-BRUVs","FH92","FH","MBH",-33.84368897,114.8713721,20201012,"15:47:00","South-west","Fished","C.FH.14",44.2,"Daphne","Yes","Yes","Special Purpose Zone (Mining Exclusion)",NA,"RAW2",NA
"2020-10_south-west_stereo-BRUVs","FH93","FH","MBH",-33.77618897,114.8688721,20201017,"11:33:00","South-west","Fished","C.FH.10",43.3,"Daphne","Yes","Yes","Special Purpose Zone (Mining Exclusion)",NA,"RAW1",NA
"2020-10_south-west_stereo-BRUVs","FH94","FH","MBH",-33.90868897,114.9413721,20201029,"14:36:00","South-west","Fished","C.FH.18",41.9,"Rachel","Yes","Yes",NA,NA,"RAW4","CON3"
"2020-10_south-west_stereo-BRUVs","FH95","FH","MBH",-33.75868897,114.8913721,20201017,"11:07:00","South-west","Fished","C.FH.8",46.8,"Daphne","Yes","Yes","Special Purpose Zone (Mining Exclusion)",NA,"RAW1","BU1"
"2020-10_south-west_stereo-BRUVs","FH96","FH","MBH",-33.81868897,114.8338721,20201012,"15:20:00","South-west","Fished","C.FH.13",44.9,"Daphne","Yes","Yes","Special Purpose Zone (Mining Exclusion)",NA,"RAW2","CON1/CON2"
"2020-10_south-west_stereo-BRUVs","FH99","FH","MBH",-33.95368897,114.8363721,20201013,"10:04:00","South-west","Fished","C.FH.22",43.5,"Hayley","Yes","Yes","Special Purpose Zone (Mining Exclusion)",NA,"RAW2","CON1/CON2"
"2020-10_south-west_stereo-BRUVs","FHA","FH","Legacy",-33.683135,114.937827,20201017,"6:55:00","South-west","No-take","C.FH.3",44.6,"Daphne","Yes","Yes",NA,"Injidup Sanctuary Zone","RAW1","BU1"
"2020-10_south-west_stereo-BRUVs","FHB","FH","Legacy",-33.681655,114.957127,20201017,"7:02:00","South-west","No-take","C.FH.A",41.3,"Daphne","Yes","Yes",NA,"Injidup Sanctuary Zone","RAW1","BU1"
"2020-10_south-west_stereo-BRUVs","FHC","FH","Legacy",-33.680718,114.965092,20201017,"7:07:00","South-west","No-take","C.FH.A",36.2,"Daphne","Yes","Yes",NA,"Injidup Sanctuary Zone","RAW1",NA
"2020-10_south-west_stereo-BRUVs","FHC01","FH","Legacy",-33.669869,114.809825,20201012,"8:38:00","South-west","Fished","C.FH.2",44.8,"Daphne","Yes","Yes","Special Purpose Zone (Mining Exclusion)",NA,"RAW2",NA
"2020-10_south-west_stereo-BRUVs","FHC02","FH","Legacy",-33.72358,114.813293,20201012,"11:13:00","South-west","Fished","C.FH.6",42,"Daphne","Yes","Yes","Special Purpose Zone (Mining Exclusion)",NA,"RAW2",NA
"2020-10_south-west_stereo-BRUVs","FHC03","FH","Legacy",-33.948622,114.819555,20201013,"9:56:00","South-west","Fished","C.FH.22",44.5,"Claude","Yes","Yes","Special Purpose Zone (Mining Exclusion)",NA,"RAW2","CON1/CON2"
"2020-10_south-west_stereo-BRUVs","FHD","FH","Legacy",-33.686897,114.958507,20201017,"7:12:00","South-west","No-take","C.FH.A",39.5,"Daphne","Yes","Yes",NA,"Injidup Sanctuary Zone","RAW1","BU1"
"2020-10_south-west_stereo-BRUVs","FHE","FH","Legacy",-33.687267,114.951172,20201017,"7:16:00","South-west","No-take","C.FH.A",42.3,"Daphne","Yes","Yes",NA,"Injidup Sanctuary Zone","RAW1","BU1"
"2020-10_south-west_stereo-BRUVs","IO1","IO","MBH",-34.07868897,114.7788721,20201015,"12:07:00","South-west","No-take","C.IO.43",64.6,"Hayley","Yes","Yes","National Park Zone",NA,"RAW2","CON1"
"2020-10_south-west_stereo-BRUVs","IO100","IO","MBH",-34.07618897,114.9088721,20201029,"10:21:00","South-west","No-take","C.IO.39",43.6,"Rachel","Yes","Yes","National Park Zone",NA,"RAW4",NA
"2020-10_south-west_stereo-BRUVs","IO101","IO","MBH",-34.07868897,114.8963721,20201029,"10:10:00","South-west","No-take","C.IO.39",43.5,"Rachel","Yes","Yes","National Park Zone",NA,"RAW4","CON3"
"2020-10_south-west_stereo-BRUVs","IO102","IO","MBH",-34.07118897,114.9113721,20201029,"10:26:00","South-west","No-take","C.IO.2",45.2,"Rachel","Yes","Yes","National Park Zone",NA,"RAW4","CON3"
"2020-10_south-west_stereo-BRUVs","IO105","IO","MBH",-34.06368897,114.6688721,20201023,"9:45:00","South-west","No-take","C.IO.30",139,"Rachel","Yes","Yes","National Park Zone",NA,"RAW4","CON3"
"2020-10_south-west_stereo-BRUVs","IO107","IO","MBH",-34.06368897,114.6763721,20201023,"9:50:00","South-west","No-take","C.IO.30",137,"Rachel","Yes","Yes","National Park Zone",NA,"RAW4","CON3"
"2020-10_south-west_stereo-BRUVs","IO108","IO","MBH",-34.05118897,114.6688721,20201023,"10:04:00","South-west","No-take","C.IO.30",138,"Rachel","Yes","Yes","National Park Zone",NA,"RAW4","CON3"
"2020-10_south-west_stereo-BRUVs","IO109","IO","MBH",-34.05618897,114.6738721,20201023,"9:57:00","South-west","No-take","C.IO.30",138,"Rachel","Yes","Yes","National Park Zone",NA,"RAW4",NA
"2020-10_south-west_stereo-BRUVs","IO110","IO","MBH",-34.14118897,114.7288721,20201022,"8:00:00","South-west","No-take","C.IO.68",128,"Brooke Gibbons","Yes","Yes","National Park Zone",NA,"RAW3","BU5.5"
"2020-10_south-west_stereo-BRUVs","IO113","IO","MBH",-34.05868897,114.7388721,20201023,"7:30:00","South-west","No-take","C.IO.31",111,"Rachel","Yes","Yes","National Park Zone",NA,"RAW4","CON3"
"2020-10_south-west_stereo-BRUVs","IO115","IO","MBH",-34.05368897,114.7363721,20201023,"7:34:00","South-west","No-take","C.IO.31",112,"Rachel","Yes","Yes","National Park Zone",NA,"RAW4","CON3"
"2020-10_south-west_stereo-BRUVs","IO117","IO","MBH",-34.06368897,114.7388721,20201023,"7:25:00","South-west","No-take","C.IO.31",115,"Rachel","Yes","Yes","National Park Zone",NA,"RAW4",NA
"2020-10_south-west_stereo-BRUVs","IO119","IO","MBH",-34.07618897,114.9038721,20201029,"10:17:00","South-west","No-take","C.IO.39",43.8,"Rachel","Yes","Yes","National Park Zone",NA,"RAW4",NA
"2020-10_south-west_stereo-BRUVs","IO122","IO","MBH",-34.11618897,114.8263721,20201015,"12:35:00","South-west","No-take","C.IO.59",57.4,"Brooke Gibbons","Yes","Yes","National Park Zone",NA,"RAW2",NA
"2020-10_south-west_stereo-BRUVs","IO123","IO","MBH",-34.10618897,114.8188721,20201015,"12:42:00","South-west","No-take","C.IO.59",49.1,"Hayley","Yes","Yes","National Park Zone",NA,"RAW2","CON1"
"2020-10_south-west_stereo-BRUVs","IO125","IO","MBH",-34.10868897,114.8263721,20201015,"12:38:00","South-west","No-take","C.IO.59",55.8,"Hayley","Yes","Yes","National Park Zone",NA,"RAW2","CON1"
"2020-10_south-west_stereo-BRUVs","IO126","IO","MBH",-34.11368897,114.8188721,20201015,"12:31:00","South-west","No-take","C.IO.59",58.2,"Brooke Gibbons","Yes","Yes","National Park Zone",NA,"RAW2",NA
"2020-10_south-west_stereo-BRUVs","IO130","IO","MBH",-33.98118897,114.8763721,20201013,"12:24:00","South-west","Fished","C.IO.37",41.1,"Daphne","Yes","No","Special Purpose Zone (Mining Exclusion)",NA,"RAW2","CON1"
"2020-10_south-west_stereo-BRUVs","IO132","IO","MBH",-33.99118897,114.8713721,20201013,"12:47:00","South-west","Fished","C.IO.37",42.6,"Hayley","Yes","Yes","Special Purpose Zone (Mining Exclusion)",NA,"RAW2","CON1"
"2020-10_south-west_stereo-BRUVs","IO133","IO","MBH",-33.99118897,114.8663721,20201013,"12:50:00","South-west","Fished","C.IO.37",40.8,"Daphne","Yes","Yes","Special Purpose Zone (Mining Exclusion)",NA,"RAW2",NA
"2020-10_south-west_stereo-BRUVs","IO134","IO","MBH",-33.98368897,114.8613721,20201013,"12:14:00","South-west","Fished","C.IO.37",41.2,"Claude","Yes","Yes","Special Purpose Zone (Mining Exclusion)",NA,"RAW2",NA
"2020-10_south-west_stereo-BRUVs","IO145","IO","MBH",-33.98618897,114.8238721,20201013,"10:24:00","South-west","Fished","C.IO.22",45.5,"Hayley","Yes","Yes","Special Purpose Zone (Mining Exclusion)",NA,"RAW2","CON1"
"2020-10_south-west_stereo-BRUVs","IO146","IO","MBH",-33.97618897,114.8213721,20201013,"10:17:00","South-west","Fished","C.IO.33",45.7,"Claude","Yes","Yes","Special Purpose Zone (Mining Exclusion)",NA,"RAW2",NA
"2020-10_south-west_stereo-BRUVs","IO147","IO","MBH",-33.98118897,114.8313721,20201013,"10:28:00","South-west","Fished","C.IO.33",44,"Claude","Yes","Yes","Special Purpose Zone (Mining Exclusion)",NA,"RAW2",NA
"2020-10_south-west_stereo-BRUVs","IO148","IO","MBH",-34.01118897,114.5963721,20201123,"10:31","South-west","Fished","C.IO.46",140,"Rachel","Yes","Yes","Special Purpose Zone (Mining Exclusion)",NA,"RAW5.5",NA
"2020-10_south-west_stereo-BRUVs","IO15","IO","MBH",-34.06118897,114.8663721,20201016,"7:59:00","South-west","No-take","C.IO.35",40.8,"Brooke Gibbons","Yes","Yes","National Park Zone",NA,"RAW2",NA
"2020-10_south-west_stereo-BRUVs","IO152","IO","MBH",-33.98118897,114.8688721,20201013,"12:18:00","South-west","Fished","C.IO.37",41.2,"Hayley","Yes","Yes","Special Purpose Zone (Mining Exclusion)",NA,"RAW2","CON1"
"2020-10_south-west_stereo-BRUVs","IO153","IO","MBH",-34.04618897,114.8888721,20201016,"7:36:00","South-west","Fished","C.IO.65",42.6,"Brooke Gibbons","Yes","Yes","Special Purpose Zone (Mining Exclusion)",NA,"RAW2",NA
"2020-10_south-west_stereo-BRUVs","IO155","IO","MBH",-34.04368897,114.8838721,20201016,"7:42:00","South-west","Fished","C.IO.65",41.9,"Hayley","Yes","Yes","Special Purpose Zone (Mining Exclusion)",NA,"RAW2","CON1"
"2020-10_south-west_stereo-BRUVs","IO157","IO","MBH",-33.97118897,114.8238721,20201013,"10:14:00","South-west","Fished","C.IO.33",45.6,"Daphne","Yes","No","Special Purpose Zone (Mining Exclusion)",NA,"RAW2","CON1"
"2020-10_south-west_stereo-BRUVs","IO158","IO","MBH",-33.98118897,114.8188721,20201013,"10:21:00","South-west","Fished","C.IO.33",44.6,"Hayley","Yes","Yes","Special Purpose Zone (Mining Exclusion)",NA,"RAW2","CON1"
"2020-10_south-west_stereo-BRUVs","IO16","IO","MBH",-34.07368897,114.8688721,20201016,"9:43:00","South-west","No-take","C.IO.35",41.4,"Daphne","Yes","No","National Park Zone",NA,"RAW2","CON1"
"2020-10_south-west_stereo-BRUVs","IO164","IO","MBH",-34.03368897,114.9038721,20201016,"7:14:00","South-west","Fished","C.IO.62",44.1,"Hayley","Yes","Yes","Special Purpose Zone (Mining Exclusion)",NA,"RAW2","CON1"
"2020-10_south-west_stereo-BRUVs","IO165","IO","MBH",-34.04368897,114.8988721,20201016,"7:23:00","South-west","Fished","C.IO.62",42.6,"Hayley","Yes","Yes","Special Purpose Zone (Mining Exclusion)",NA,"RAW2","CON1"
"2020-10_south-west_stereo-BRUVs","IO17","IO","MBH",-34.06368897,114.8763721,20201016,"8:07:00","South-west","No-take","C.IO.35",41.1,"Daphne","Yes","No","National Park Zone",NA,"RAW2","CON1"
"2020-10_south-west_stereo-BRUVs","IO180","IO","MBH",-33.99618897,114.7038721,20201123,"12:36","South-west","Fished","C.IO.41",122,"Brooke Gibbons","Yes","Yes","Special Purpose Zone (Mining Exclusion)",NA,"RAW5","BU5.5"
"2020-10_south-west_stereo-BRUVs","IO184","IO","MBH",-34.04118897,114.9038721,20201016,"7:19:00","South-west","Fished","C.IO.62",45.9,"Hayley","Yes","Yes","Special Purpose Zone (Mining Exclusion)",NA,"RAW2","CON1"
"2020-10_south-west_stereo-BRUVs","IO189","IO","MBH",-33.98868897,114.6638721,20201023,"12:31:00","South-west","Fished","C.IO.40",139,"Daphne","Yes","No","Special Purpose Zone (Mining Exclusion)",NA,"RAW4","CON3"
"2020-10_south-west_stereo-BRUVs","IO191","IO","MBH",-33.99868897,114.6713721,20201023,"12:20:00","South-west","Fished","C.IO.40",137,"Rachel","Yes","Yes","Special Purpose Zone (Mining Exclusion)",NA,"RAW4",NA
"2020-10_south-west_stereo-BRUVs","IO192","IO","MBH",-33.98618897,114.6688721,20201023,"12:36:00","South-west","Fished","C.IO.40",138,"Rachel","Yes","Yes","Special Purpose Zone (Mining Exclusion)",NA,"RAW4","CON3"
"2020-10_south-west_stereo-BRUVs","IO194","IO","MBH",-33.99618897,114.6638721,20201023,"12:24:00","South-west","Fished","C.IO.40",139,"Rachel","Yes","Yes","Special Purpose Zone (Mining Exclusion)",NA,"RAW4",NA
"2020-10_south-west_stereo-BRUVs","IO195","IO","Legacy",-34.09368897,114.8588721,20201016,"9:57:00","South-west","No-take","C.IO.6",43.4,"Brooke Gibbons","Yes","Yes","National Park Zone",NA,"RAW2",NA
"2020-10_south-west_stereo-BRUVs","IO199","IO","Legacy",-34.08618897,114.8613721,20201016,"9:51:00","South-west","No-take","C.IO.6",42.1,"Claude","Yes","Yes","National Park Zone",NA,"RAW2",NA
"2020-10_south-west_stereo-BRUVs","IO201","IO","Legacy",-34.05618897,114.8338721,20201015,"14:46:00","South-west","No-take","C.IO.5",45.3,"Hayley","Yes","Yes","National Park Zone",NA,"RAW2","CON1"
"2020-10_south-west_stereo-BRUVs","IO204","IO","Legacy",-34.06618897,114.7863721,20201015,"10:35:00","South-west","No-take","C.IO.7",61.5,"Hayley","Yes","Yes","National Park Zone",NA,"RAW2","CON1"
"2020-10_south-west_stereo-BRUVs","IO206","IO","Legacy",-34.06368897,114.7913721,20201015,"10:28:00","South-west","No-take","C.IO.7",58.2,"Daphne","Yes","No","National Park Zone",NA,"RAW2",NA
"2020-10_south-west_stereo-BRUVs","IO207","IO","Legacy",-34.06118897,114.7863721,20201015,"10:23:00","South-west","No-take","C.IO.7",60.4,"Hayley","Yes","Yes","National Park Zone",NA,"RAW2","CON1"
"2020-10_south-west_stereo-BRUVs","IO210","IO","Legacy",-34.09118897,114.8738721,20201016,"10:09:00","South-west","No-take","C.IO.6",43.5,"Hayley","Yes","Yes","National Park Zone",NA,"RAW2","CON1"
"2020-10_south-west_stereo-BRUVs","IO211","IO","Legacy",-34.05618897,114.9063721,20201029,"10:42:00","South-west","No-take","C.IO.3",43.5,"Rachel","Yes","Yes","National Park Zone",NA,"RAW4","CON3"
"2020-10_south-west_stereo-BRUVs","IOC06","IO","Legacy",-34.048689,114.876372,20201016,"7:48:00","South-west","Fished","C.IO.65",41.5,"Ramesh","Yes","Yes","Special Purpose Zone (Mining Exclusion)",NA,"RAW2","CON1"
"2020-10_south-west_stereo-BRUVs","IO216","IO","Legacy",-34.06118897,114.9163721,20201029,"10:33:00","South-west","No-take","C.IO.3",47.5,"Rachel","Yes","Yes","National Park Zone",NA,"RAW4","CON3"
"2020-10_south-west_stereo-BRUVs","IO217","IO","Legacy",-34.06618897,114.9188721,20201016,"12:43:00","South-west","No-take","C.IO.2",47.1,"Claude","Yes","Yes","National Park Zone",NA,"RAW2",NA
"2020-10_south-west_stereo-BRUVs","IO218","IO","Legacy",-34.07368897,114.9213721,20201016,"12:28:00","South-west","No-take","C.IO.2",46.8,"Hayley","Yes","Yes","National Park Zone",NA,"RAW2","CON1"
"2020-10_south-west_stereo-BRUVs","IO220","IO","Legacy",-34.05618897,114.8438721,20201015,"14:39:00","South-west","No-take","C.IO.5",43.7,"Brooke Gibbons","Yes","Yes","National Park Zone",NA,"RAW2",NA
"2020-10_south-west_stereo-BRUVs","IO222","IO","Legacy",-34.06618897,114.8313721,20201015,"14:54:00","South-west","No-take","C.IO.4",45,"Hayley","Yes","Yes","National Park Zone",NA,"RAW2","CON1"
"2020-10_south-west_stereo-BRUVs","IO223","IO","Legacy",-34.07118897,114.8463721,20201015,"14:25:00","South-west","No-take","C.IO.4",42.9,"Hayley","Yes","Yes","National Park Zone",NA,"RAW2","CON1"
"2020-10_south-west_stereo-BRUVs","IO224","IO","Legacy",-34.06118897,114.8388721,20201015,"14:35:00","South-west","No-take","C.IO.4",43.6,"Hayley","Yes","Yes","National Park Zone",NA,"RAW2","CON1"
"2020-10_south-west_stereo-BRUVs","IO225","IO","Legacy",-34.07118897,114.8338721,20201015,"14:20:00","South-west","No-take","C.IO.4",44.9,"Hayley","Yes","Yes","National Park Zone",NA,"RAW2","CON1"
"2020-10_south-west_stereo-BRUVs","IO226","IO","Legacy",-34.06368897,114.8438721,20201015,"14:32:00","South-west","No-take","C.IO.4",42.8,"Brooke Gibbons","Yes","Yes","National Park Zone",NA,"RAW2",NA
"2020-10_south-west_stereo-BRUVs","IO227","IO","MBH",-33.99868897,114.7838721,20201019,"6:37:00","South-west","Fished","C.IO.42",52.9,"Ramesh","Yes","Yes","Special Purpose Zone (Mining Exclusion)",NA,"RAW3","CON2"
"2020-10_south-west_stereo-BRUVs","IO228","IO","MBH",-34.00368897,114.7938721,20201019,"6:46:00","South-west","Fished","C.IO.42",50.4,"Rachel","Yes","Yes","Special Purpose Zone (Mining Exclusion)",NA,"RAW3",NA
"2020-10_south-west_stereo-BRUVs","IO229","IO","MBH",-33.99368897,114.7863721,20201019,"6:31:00","South-west","Fished","C.IO.42",53,"Ramesh","Yes","Yes","Special Purpose Zone (Mining Exclusion)",NA,"RAW3","CON2"
"2020-10_south-west_stereo-BRUVs","IO235","IO","Legacy",-34.06618897,114.9138721,20201016,"12:49:00","South-west","No-take","C.IO.2",46.5,"Daphne","Yes","No","National Park Zone",NA,"RAW2","CON1"
"2020-10_south-west_stereo-BRUVs","IO236","IO","Legacy",-34.08118897,114.9238721,20201016,"12:22:00","South-west","No-take","C.IO.1",46.8,"Hayley","Yes","Yes","National Park Zone",NA,"RAW2",NA
"2020-10_south-west_stereo-BRUVs","IO237","IO","Legacy",-34.08118897,114.9363721,20201016,"12:15:00","South-west","No-take","C.IO.1",43.2,"Hayley","Yes","Yes",NA,"Cape Freycinet Sanctuary Zone","RAW2","CON1"
"2020-10_south-west_stereo-BRUVs","IO239","IO","Legacy",-34.09118897,114.9313721,20201016,"12:05:00","South-west","No-take","C.IO.1",45.9,"Hayley","Yes","Yes",NA,"Cape Freycinet Sanctuary Zone","RAW2","CON1"
"2020-10_south-west_stereo-BRUVs","IO241","IO","MBH",-33.99368897,114.7913721,20201019,"6:26:00","South-west","Fished","C.IO.42",50.6,"Ramesh","Yes","Yes","Special Purpose Zone (Mining Exclusion)",NA,"RAW3","CON2"
"2020-10_south-west_stereo-BRUVs","IO244","IO","MBH",-34.00368897,114.9063721,20201019,"11:35:00","South-west","Fished","C.IO.47",44.7,"Ramesh","Yes","Yes","Special Purpose Zone (Mining Exclusion)",NA,"RAW3",NA
"2020-10_south-west_stereo-BRUVs","IO245","IO","MBH",-34.00868897,114.9013721,20201019,"11:30:00","South-west","Fished","C.IO.47",42.3,"Ramesh","Yes","Yes","Special Purpose Zone (Mining Exclusion)",NA,"RAW3","CON2"
"2020-10_south-west_stereo-BRUVs","IO253","IO","MBH",-34.01368897,114.7038721,20201123,"12:15","South-west","Fished","C.IO.49",124,"Brooke Gibbons","Yes","Yes","Special Purpose Zone (Mining Exclusion)",NA,"RAW5","BU5.5"
"2020-10_south-west_stereo-BRUVs","IO254","IO","MBH",-34.01868897,114.6963721,20201123,"12:10","South-west","Fished","C.IO.49",119,"Rachel","Yes","Yes","Special Purpose Zone (Mining Exclusion)",NA,"RAW5.5",NA
"2020-10_south-west_stereo-BRUVs","IO258","IO","Legacy",-33.96618897,114.9138721,20201019,"12:05:00","South-west","Fished","C.IO.20",45.2,"Ramesh","Yes","Yes",NA,NA,"RAW3","CON2"
"2020-10_south-west_stereo-BRUVs","IO259","IO","Legacy",-33.96868897,114.9213721,20201019,"12:00:00","South-west","Fished","C.IO.20",46.8,"Rachel","Yes","Yes",NA,NA,"RAW3",NA
"2020-10_south-west_stereo-BRUVs","IO260","IO","Legacy",-33.97118897,114.9163721,20201019,"11:55:00","South-west","Fished","C.IO.20",46.3,"Rachel","Yes","Yes",NA,NA,"RAW3",NA
"2020-10_south-west_stereo-BRUVs","IO261","IO","Legacy",-33.97618897,114.9213721,20201019,"11:46:00","South-west","Fished","C.IO.20",46.9,"Ramesh","Yes","Yes",NA,NA,"RAW3","CON2"
"2020-10_south-west_stereo-BRUVs","IO262","IO","Legacy",-34.01368897,114.8738721,20201019,"9:46:00","South-west","Fished","C.IO.19",41.9,"Rachel","Yes","Yes","Special Purpose Zone (Mining Exclusion)",NA,"RAW3","CON2"
"2020-10_south-west_stereo-BRUVs","IO263","IO","Legacy",-34.00868897,114.8788721,20201019,"9:52:00","South-west","Fished","C.IO.19",42.4,"Brooke Gibbons","Yes","Yes","Special Purpose Zone (Mining Exclusion)",NA,"RAW3","BU5.5"
"2020-10_south-west_stereo-BRUVs","IO264","IO","Legacy",-34.01868897,114.8738721,20201019,"9:31:00","South-west","Fished","C.IO.19",42,"Brooke Gibbons","Yes","Yes","Special Purpose Zone (Mining Exclusion)",NA,"RAW3","BU5.5"
"2020-10_south-west_stereo-BRUVs","IO266","IO","Legacy",-34.02118897,114.7588721,20201015,"8:06:00","South-west","Fished","C.IO.23",67.3,"Hayley","Yes","Yes","Special Purpose Zone (Mining Exclusion)",NA,"RAW2","CON1"
"2020-10_south-west_stereo-BRUVs","IO267","IO","Legacy",-34.02618897,114.7638721,20201015,"8:11:00","South-west","Fished","C.IO.23",62.5,"Daphne","Yes","No","Special Purpose Zone (Mining Exclusion)",NA,"RAW2",NA
"2020-10_south-west_stereo-BRUVs","IO269","IO","Legacy",-33.98868897,114.8138721,20201019,"7:18:00","South-west","Fished","C.IO.22",47.6,"Brooke Gibbons","Yes","Yes","Special Purpose Zone (Mining Exclusion)",NA,"RAW3","BU5.5"
"2020-10_south-west_stereo-BRUVs","IO272","IO","Legacy",-34.00868897,114.8138721,20201019,"6:56:00","South-west","Fished","C.IO.21",49.2,"Daphne","Yes","No","Special Purpose Zone (Mining Exclusion)",NA,"RAW3",NA
"2020-10_south-west_stereo-BRUVs","IO273","IO","Legacy",-33.99868897,114.8213721,20201019,"7:07:00","South-west","Fished","C.IO.22",44.9,"Rachel","Yes","Yes","Special Purpose Zone (Mining Exclusion)",NA,"RAW3",NA
"2020-10_south-west_stereo-BRUVs","IO275","IO","Legacy",-34.09868897,114.6463721,20201123,"14:38","South-west","No-take","C.IO.15",140,"Daphne","Yes","No","National Park Zone",NA,"RAW5","RAW5"
"2020-10_south-west_stereo-BRUVs","IO276","IO","Legacy",-34.10118897,114.6363721,20201123,"7:34","South-west","No-take","C.IO.15",140,"Rachel","Yes","Yes","National Park Zone",NA,"RAW5.5",NA
"2020-10_south-west_stereo-BRUVs","IO277","IO","Legacy",-34.10618897,114.6463721,20201123,"7:53","South-west","No-take","C.IO.15",139,"Brooke Gibbons","Yes","Yes","National Park Zone",NA,"RAW5","BU5.5"
"2020-10_south-west_stereo-BRUVs","IO278","IO","Legacy",-34.11118897,114.6388721,20201123,"7:45","South-west","No-take","C.IO.15",140,"Brooke Gibbons","Yes","Yes","National Park Zone",NA,"RAW5","BU5.5"
"2020-10_south-west_stereo-BRUVs","IO280","IO","Legacy",-34.08868897,114.6738721,20201023,"9:24:00","South-west","No-take","C.IO.14",139,"Rachel","Yes","Yes","National Park Zone",NA,"RAW4","CON3"
"2020-10_south-west_stereo-BRUVs","IO290","IO","Legacy",-34.06868897,114.7188721,20201023,"7:07:00","South-west","No-take","C.IO.13",124,"Rachel","Yes","Yes","National Park Zone",NA,"RAW4","CON3"
"2020-10_south-west_stereo-BRUVs","IO291","IO","Legacy",-34.08368897,114.7488721,20201022,"13:09:00","South-west","No-take","C.IO.12",109,"Rachel","Yes","Yes","National Park Zone",NA,"RAW4","CON3"
"2020-10_south-west_stereo-BRUVs","IO293","IO","Legacy",-34.08868897,114.7588721,20201022,"12:55:00","South-west","No-take","C.IO.12",111,"Claude","Yes","Yes","National Park Zone",NA,"RAW4","CON3"
"2020-10_south-west_stereo-BRUVs","IO294","IO","Legacy",-34.08368897,114.7538721,20201022,"13:04:00","South-west","No-take","C.IO.12",114,"Rachel","Yes","Yes","National Park Zone",NA,"RAW4",NA
"2020-10_south-west_stereo-BRUVs","IO295","IO","Legacy",-34.10368897,114.7538721,20201022,"12:25:00","South-west","No-take","C.IO.11",109,"Rachel","Yes","Yes","National Park Zone",NA,"RAW4","CON3"
"2020-10_south-west_stereo-BRUVs","IO297","IO","Legacy",-34.10618897,114.7488721,20201022,"12:21:00","South-west","No-take","C.IO.11",114,"Rachel","Yes","Yes","National Park Zone",NA,"RAW4","CON3"
"2020-10_south-west_stereo-BRUVs","IO298","IO","Legacy",-34.07618897,114.6713721,20201023,"9:39:00","South-west","No-take","C.IO.14",138,"Rachel","Yes","Yes","National Park Zone",NA,"RAW4",NA
"2020-10_south-west_stereo-BRUVs","IO299","IO","Legacy",-34.08118897,114.6763721,20201023,"9:32:00","South-west","No-take","C.IO.14",139,"Rachel","Yes","Yes","National Park Zone",NA,"RAW4",NA
"2020-10_south-west_stereo-BRUVs","IO3","IO","MBH",-34.07618897,114.7838721,20201015,"12:03:00","South-west","No-take","C.IO.43",62,"Hayley","Yes","Yes","National Park Zone",NA,"RAW2","CON1"
"2020-10_south-west_stereo-BRUVs","IO300","IO","Legacy",-34.08618897,114.6688721,20201123,"7:18","South-west","No-take","C.IO.14",138,"Brooke Gibbons","Yes","Yes","National Park Zone",NA,"RAW5","BU5.5"
"2020-10_south-west_stereo-BRUVs","IO302","IO","Legacy",-34.07118897,114.7238721,20201023,"7:13:00","South-west","No-take","C.IO.13",122,"Rachel","Yes","Yes","National Park Zone",NA,"RAW4","CON3"
"2020-10_south-west_stereo-BRUVs","IO306","IO","Legacy",-34.10118897,114.7338721,20201022,"10:29:00","South-west","No-take","C.IO.10",124,"Rachel","Yes","Yes","National Park Zone",NA,"RAW3",NA
"2020-10_south-west_stereo-BRUVs","IO307","IO","Legacy",-34.11868897,114.7263721,20201022,"9:56:00","South-west","No-take","C.IO.9",128,"Daphne - finishes at 59:36","Yes","Yes","National Park Zone",NA,"RAW3","BU5.5"
"2020-10_south-west_stereo-BRUVs","IO308","IO","Legacy",-34.11118897,114.7288721,20201022,"10:06:00","South-west","No-take","C.IO.9",126,"Rachel","Yes","Yes","National Park Zone",NA,"RAW3",NA
"2020-10_south-west_stereo-BRUVs","IO310","IO","Legacy",-34.05868897,114.7738721,20201015,"10:06:00","South-west","No-take","C.IO.8",64.7,"Brooke Gibbons","Yes","Yes","National Park Zone",NA,"RAW2",NA
"2020-10_south-west_stereo-BRUVs","IO311","IO","Legacy",-34.05618897,114.7688721,20201015,"10:03:00","South-west","No-take","C.IO.8",66.1,"Brooke Gibbons","Yes","Yes","National Park Zone",NA,"RAW2",NA
"2020-10_south-west_stereo-BRUVs","IO312","IO","Legacy",-34.05868897,114.7788721,20201015,"10:17:00","South-west","No-take","C.IO.8",61.2,"Hayley","Yes","Yes","National Park Zone",NA,"RAW2","CON1"
"2020-10_south-west_stereo-BRUVs","IO313","IO","Legacy",-34.09618897,114.7563721,20201022,"12:47:00","South-west","No-take","C.IO.11",108,"Rachel","Yes","Yes","National Park Zone",NA,"RAW4",NA
"2020-10_south-west_stereo-BRUVs","IO319","IO","Legacy",-34.09368897,114.7313721,20201022,"10:37:00","South-west","No-take","C.IO.10",124,"Rachel","Yes","Yes","National Park Zone",NA,"RAW3","BU3"
"2020-10_south-west_stereo-BRUVs","IO323","IO","Legacy",-34.03103333,114.6001,20201123,"9:48","South-west","Fished","C.IO.27",141,"Daphne","Yes","Yes","Special Purpose Zone (Mining Exclusion)",NA,"RAW5","BU5.5"
"2020-10_south-west_stereo-BRUVs","IO324","IO","Legacy",-34.00006,114.639778,20201023,"11:59:00","South-west","Fished","C.IO.26",141,"Rachel","Yes","Yes","Special Purpose Zone (Mining Exclusion)",NA,"RAW4",NA
"2020-10_south-west_stereo-BRUVs","IO325","IO","Legacy",-33.991557,114.743378,20201015,"7:44:00","South-west","Fished","C.IO.25",85,"Hayley","Yes","Yes","Special Purpose Zone (Mining Exclusion)",NA,"RAW2","CON1"
"2020-10_south-west_stereo-BRUVs","IO326","IO","Legacy",-34.00425,114.6892833,20201123,"12:26","South-west","Fished","C.IO.24",121,"Daphne","Yes","No","Special Purpose Zone (Mining Exclusion)",NA,"RAW5","BU5.5"
"2020-10_south-west_stereo-BRUVs","IO327","IO","Legacy",-34.02946667,114.7623833,20201015,"8:17:00","South-west","Fished","C.IO.23",65.4,"Hayley","Yes","Yes","Special Purpose Zone (Mining Exclusion)",NA,"RAW2","CON1"
"2020-10_south-west_stereo-BRUVs","IO328","IO","Legacy",-33.99356667,114.8213667,20201019,"7:13:00","South-west","Fished","C.IO.22",43.8,"Rachel","Yes","Yes","Special Purpose Zone (Mining Exclusion)",NA,"RAW3",NA
"2020-10_south-west_stereo-BRUVs","IO329","IO","Legacy",-34.06481667,114.7266333,20201023,"7:18:00","South-west","No-take","C.IO.13",121,"Rachel","Yes","Yes","National Park Zone",NA,"RAW4",NA
"2020-10_south-west_stereo-BRUVs","IO330","IO","Legacy",-34.08833333,114.7545,20201022,"13:00:00","South-west","No-take","C.IO.12",116,"Rachel","Yes","Yes","National Park Zone",NA,"RAW4","CON3"
"2020-10_south-west_stereo-BRUVs","IO331","IO","Legacy",-34.0984,114.75005,20201022,"12:30:00","South-west","No-take","C.IO.11",112,"Rachel","Yes","Yes","National Park Zone",NA,"RAW4",NA
"2020-10_south-west_stereo-BRUVs","IO332","IO","Legacy",-34.09718333,114.7344833,20201022,"10:33:00","South-west","No-take","C.IO.10",124,"Rachel","Yes","Yes","National Park Zone",NA,"RAW3","BU3"
"2020-10_south-west_stereo-BRUVs","IO333","IO","Legacy",-34.11301667,114.7251333,20201022,"10:01:00","South-west","No-take","C.IO.9",127,"Rachel","Yes","Yes","National Park Zone",NA,"RAW3","BU3"
"2020-10_south-west_stereo-BRUVs","IO334","IO","Legacy",-34.06155,114.7753667,20201015,"10:11:00","South-west","No-take","C.IO.8",64,"Hayley","Yes","Yes","National Park Zone",NA,"RAW2","CON1"
"2020-10_south-west_stereo-BRUVs","IO335","IO","Legacy",-34.06686667,114.7939833,20201015,"10:31:00","South-west","No-take","C.IO.7",58,"Hayley","Yes","Yes","National Park Zone",NA,"RAW2","CON1"
"2020-10_south-west_stereo-BRUVs","IO336","IO","Legacy",-34.0924,114.8663667,20201016,"10:03:00","South-west","No-take","C.IO.6",43.2,"Daphne","Yes","No","National Park Zone",NA,"RAW2","CON1"
"2020-10_south-west_stereo-BRUVs","IO337","IO","Legacy",-34.00536667,114.8202333,20201019,"7:02:00","South-west","Fished","C.IO.21",43,"Daphne","Yes","Yes","Special Purpose Zone (Mining Exclusion)",NA,"RAW3","BU5.5"
"2020-10_south-west_stereo-BRUVs","IO338","IO","Legacy",-33.97231667,114.92245,20201019,"11:50:00","South-west","Fished","C.IO.20",46,"Daphne","Yes","Yes",NA,NA,"RAW3","BU5.5"
"2020-10_south-west_stereo-BRUVs","IO339","IO","Legacy",-34.01461667,114.8785,20201019,"9:41:00","South-west","Fished","C.IO.19",41.1,"Daphne","Yes","Yes","Special Purpose Zone (Mining Exclusion)",NA,"RAW3","BU5.5"
"2020-10_south-west_stereo-BRUVs","IO34","IO","MBH",-34.06118897,114.8713721,20201016,"8:02:00","South-west","No-take","C.IO.35",41.3,"Brooke Gibbons","Yes","Yes","National Park Zone",NA,"RAW2",NA
"2020-10_south-west_stereo-BRUVs","IO343","IO","Legacy",-34.10261667,114.6407167,20201123,"7:38","South-west","No-take","C.IO.15",140,"Rachel","Yes","Yes","National Park Zone",NA,"RAW5","BU5.5"
"2020-10_south-west_stereo-BRUVs","IO344","IO","Legacy",-34.0844,114.6744,20201023,"9:28:00","South-west","No-take","C.IO.14",138,"Daphne","Yes","No","National Park Zone",NA,"RAW4","CON3"
"2020-10_south-west_stereo-BRUVs","IO349","IO","Legacy",-34.02368897,114.5963721,20201123,"10:03","South-west","Fished","C.IO.27",133,"Rachel","Yes","Yes","Special Purpose Zone (Mining Exclusion)",NA,"RAW5.5",NA
"2020-10_south-west_stereo-BRUVs","IO350","IO","Legacy",-34.02618897,114.6038721,20201123,"9:56","South-west","Fished","C.IO.27",135,"Brooke Gibbons","Yes","Yes","Special Purpose Zone (Mining Exclusion)",NA,"RAW5","BU5.5"
"2020-10_south-west_stereo-BRUVs","IO351","IO","Legacy",-34.03118897,114.5963721,20201123,"10:13","South-west","Fished","C.IO.27",142,"Daphne","Yes","Yes","Special Purpose Zone (Mining Exclusion)",NA,"RAW5","BU5.5"
"2020-10_south-west_stereo-BRUVs","IO352","IO","Legacy",-34.03618897,114.5988721,20201123,"9:43","South-west","Fished","C.IO.27",133,"Rachel","Yes","Yes","Special Purpose Zone (Mining Exclusion)",NA,"RAW5","BU5.5"
"2020-10_south-west_stereo-BRUVs","IO353","IO","Legacy",-34.05436667,114.8390667,20201015,"14:43:00","South-west","No-take","C.IO.5",44.1,"Hayley","Yes","Yes","National Park Zone",NA,"RAW2","CON1"
"2020-10_south-west_stereo-BRUVs","IO354","IO","Legacy",-34.06605,114.84,20201015,"14:29:00","South-west","No-take","C.IO.4",45,"Brooke Gibbons","Yes","Yes","National Park Zone",NA,"RAW2",NA
"2020-10_south-west_stereo-BRUVs","IO355","IO","Legacy",-34.05473333,114.9111,20201029,"10:38:00","South-west","No-take","C.IO.3",45,"Rachel","Yes","Yes","National Park Zone",NA,"RAW4","CON3"
"2020-10_south-west_stereo-BRUVs","IO356","IO","Legacy",-34.06956667,114.9184667,20201016,"12:39:00","South-west","No-take","C.IO.2",46.8,"Claude","Yes","Yes","National Park Zone",NA,"RAW2",NA
"2020-10_south-west_stereo-BRUVs","IO357","IO","Legacy",-34.08496667,114.928,20201016,"12:08:00","South-west","No-take","C.IO.1",45.9,"Hayley","Yes","Yes","National Park Zone",NA,"RAW2","CON1"
"2020-10_south-west_stereo-BRUVs","IO36","IO","MBH",-34.10368897,114.7188721,20201022,"10:23:00","South-west","No-take","C.IO.55",130,"Rachel","Yes","Yes","National Park Zone",NA,"RAW3",NA
"2020-10_south-west_stereo-BRUVs","IO361","IO","Legacy",-33.98868897,114.7413721,20201015,"7:35:00","South-west","Fished","C.IO.25",84.7,"Hayley","Yes","Yes","Special Purpose Zone (Mining Exclusion)",NA,"RAW2","CON1"
"2020-10_south-west_stereo-BRUVs","IO363","IO","Legacy",-33.98618897,114.7513721,20201015,"7:26:00","South-west","Fished","C.IO.25",66.2,"Brooke Gibbons","Yes","Yes","Special Purpose Zone (Mining Exclusion)",NA,"RAW2",NA
"2020-10_south-west_stereo-BRUVs","IO364","IO","Legacy",-34.00868897,114.6888721,20201123,"12:21","South-west","Fished","C.IO.24",130,"Daphne","Yes","Yes","Special Purpose Zone (Mining Exclusion)",NA,"RAW5","BU5.5"
"2020-10_south-west_stereo-BRUVs","IO365","IO","Legacy",-34.02368897,114.7538721,20201015,"8:23:00","South-west","Fished","C.IO.23",73.7,"Brooke Gibbons","Yes","Yes","Special Purpose Zone (Mining Exclusion)",NA,"RAW2",NA
"2020-10_south-west_stereo-BRUVs","IO369","IO","Legacy",-34.02868897,114.5913721,20201123,"10:08","South-west","Fished","C.IO.27",133,"Rachel","Yes","Yes","Special Purpose Zone (Mining Exclusion)",NA,"RAW5","BU5.5"
"2020-10_south-west_stereo-BRUVs","IO37","IO","MBH",-34.10868897,114.7188721,20201022,"10:12:00","South-west","No-take","C.IO.55",130,"Brooke Gibbons","Yes","Yes","National Park Zone",NA,"RAW3","BU5.5"
"2020-10_south-west_stereo-BRUVs","IO370","IO","Legacy",-33.99618897,114.6463721,20201023,"12:10:00","South-west","Fished","C.IO.26",141,"Rachel","Yes","Yes","Special Purpose Zone (Mining Exclusion)",NA,"RAW4","CON3"
"2020-10_south-west_stereo-BRUVs","IO372","IO","Legacy",-34.00618897,114.6438721,20201023,"11:53:00","South-west","Fished","C.IO.26",140,"Daphne - period end @ 58:40","Yes","No","Special Purpose Zone (Mining Exclusion)",NA,"RAW4","CON3"
"2020-10_south-west_stereo-BRUVs","IO374","IO","Legacy",-33.98618897,114.7463721,20201015,"7:31:00","South-west","Fished","C.IO.25",72.9,"Hayley","Yes","Yes","Special Purpose Zone (Mining Exclusion)",NA,"RAW2","CON1"
"2020-10_south-west_stereo-BRUVs","IO377","IO","MBH",-34.13868897,114.7588721,20201022,"7:40:00","South-west","No-take","C.IO.69",113,"Rachel","Yes","Yes","National Park Zone",NA,"RAW3",NA
"2020-10_south-west_stereo-BRUVs","IO378","IO","Legacy",-33.99368897,114.6388721,20201023,"12:04:00","South-west","Fished","C.IO.26",141,"Rachel","Yes","Yes","Special Purpose Zone (Mining Exclusion)",NA,"RAW4","CON3"
"2020-10_south-west_stereo-BRUVs","IO379","IO","Legacy",-34.08368897,114.6813721,20201123,"6:58","South-west","No-take","C.IO.14",138,"Rachel","Yes","Yes","National Park Zone",NA,"RAW5.5",NA
"2020-10_south-west_stereo-BRUVs","IO4","IO","MBH",-34.09118897,114.7813721,20201015,"12:17:00","South-west","No-take","C.IO.43",65.6,"Hayley","Yes","Yes","National Park Zone",NA,"RAW2","CON1"
"2020-10_south-west_stereo-BRUVs","IO40","IO","MBH",-34.10368897,114.7138721,20201022,"10:17:00","South-west","No-take","C.IO.55",131,"Brooke Gibbons","Yes","Yes","National Park Zone",NA,"RAW3","BU5.5"
"2020-10_south-west_stereo-BRUVs","IO46","IO","MBH",-34.06868897,114.7113721,20201023,"6:44:00","South-west","No-take","C.IO.34",129,"Rachel","Yes","Yes","National Park Zone",NA,"RAW4","CON3"
"2020-10_south-west_stereo-BRUVs","IO47","IO","MBH",-34.06368897,114.7113721,20201023,"6:53:00","South-west","No-take","C.IO.34",127,"Rachel","Yes","Yes","National Park Zone",NA,"RAW4","CON3"
"2020-10_south-west_stereo-BRUVs","IO49","IO","MBH",-34.06118897,114.7063721,20201023,"6:59:00","South-west","No-take","C.IO.34",129,"Rachel","Yes","Yes","National Park Zone",NA,"RAW4",NA
"2020-10_south-west_stereo-BRUVs","IO5","IO","MBH",-34.08868897,114.7763721,20201015,"12:12:00","South-west","No-take","C.IO.43",66.7,"Claude","Yes","Yes","National Park Zone",NA,"RAW2",NA
"2020-10_south-west_stereo-BRUVs","IO58","IO","MBH",-34.13618897,114.7738721,20201022,"7:21:00","South-west","No-take","C.IO.69",92.7,"Brooke Gibbons","Yes","Yes","National Park Zone",NA,"RAW3","BU5.5"
"2020-10_south-west_stereo-BRUVs","IO59","IO","MBH",-34.14118897,114.7663721,20201022,"7:33:00","South-west","No-take","C.IO.69",109,"Rachel","Yes","Yes","National Park Zone",NA,"RAW3",NA
"2020-10_south-west_stereo-BRUVs","IO62","IO","MBH",-34.13368897,114.7663721,20201022,"7:45:00","South-west","No-take","C.IO.69",105,"Brooke Gibbons","Yes","Yes","National Park Zone",NA,"RAW4","BU5.5"
"2020-10_south-west_stereo-BRUVs","IO64","IO","MBH",-34.01368897,114.8963721,20201019,"11:26:00","South-west","Fished","C.IO.47",43.3,"Ramesh","Yes","Yes","Special Purpose Zone (Mining Exclusion)",NA,"RAW3","CON2"
"2020-10_south-west_stereo-BRUVs","IO65","IO","MBH",-34.01118897,114.8888721,20201019,"11:20:00","South-west","Fished","C.IO.53",43,"Ramesh","Yes","Yes","Special Purpose Zone (Mining Exclusion)",NA,"RAW3","CON2"
"2020-10_south-west_stereo-BRUVs","IO66","IO","MBH",-34.01618897,114.8813721,20201019,"9:36:00","South-west","Fished","C.IO.19",42.8,"Rachel","Yes","Yes","Special Purpose Zone (Mining Exclusion)",NA,"RAW3",NA
"2020-10_south-west_stereo-BRUVs","IO71","IO","MBH",-34.00368897,114.6988721,20201123,"12:31","South-west","Fished","C.IO.41",121,"Rachel","Yes","Yes","Special Purpose Zone (Mining Exclusion)",NA,"RAW5.5",NA
"2020-10_south-west_stereo-BRUVs","IO72","IO","MBH",-34.03618897,114.8463721,20201019,"9:05:00","South-west","Fished","C.IO.60",43.6,"Ramesh","Yes","Yes","Special Purpose Zone (Mining Exclusion)",NA,"RAW3","CON2"
"2020-10_south-west_stereo-BRUVs","IO73","IO","MBH",-34.02868897,114.8588721,20201019,"9:22:00","South-west","Fished","C.IO.60",40.4,"Ramesh","Yes","No","Special Purpose Zone (Mining Exclusion)",NA,"RAW3","CON2"
"2020-10_south-west_stereo-BRUVs","IO74","IO","MBH",-34.02868897,114.8513721,20201019,"9:14:00","South-west","Fished","C.IO.60",42.2,"Rachel","Yes","Yes","Special Purpose Zone (Mining Exclusion)",NA,"RAW3",NA
"2020-10_south-west_stereo-BRUVs","IO75","IO","MBH",-34.03368897,114.8538721,20201019,"9:10:00","South-west","Fished","C.IO.60",42.2,"Rachel","Yes","Yes","Special Purpose Zone (Mining Exclusion)",NA,"RAW3",NA
"2020-10_south-west_stereo-BRUVs","IO80","IO","MBH",-34.09368897,114.8888721,20201016,"10:30:00","South-west","No-take","C.IO.52",41.6,"Hayley","Yes","Yes","National Park Zone",NA,"RAW2","CON1"
"2020-10_south-west_stereo-BRUVs","IO81","IO","MBH",-34.09868897,114.8913721,20201016,"10:20:00","South-west","No-take","C.IO.52",42,"Hayley","Yes","Yes","National Park Zone",NA,"RAW2","CON1"
"2020-10_south-west_stereo-BRUVs","IO91","IO","MBH",-34.09368897,114.8938721,20201016,"10:25:00","South-west","No-take","C.IO.52",43.5,"Hayley","Yes","Yes","National Park Zone",NA,"RAW2","CON1"
"2020-10_south-west_stereo-BRUVs","IO92","IO","MBH",-34.09868897,114.8863721,20201016,"10:16:00","South-west","No-take","C.IO.52",42.3,"Brooke Gibbons","Yes","Yes","National Park Zone",NA,"RAW2",NA
"2020-10_south-west_stereo-BRUVs","IO95","IO","MBH",-34.12618897,114.7338721,20201022,"8:21:00","South-west","No-take","C.IO.68",124,"Daphne","Yes","Yes","National Park Zone",NA,"RAW4","BU5.5"
"2020-10_south-west_stereo-BRUVs","IO96","IO","MBH",-34.13618897,114.7363721,20201022,"8:06:00","South-west","No-take","C.IO.68",127,"Brooke Gibbons","Yes","Yes","National Park Zone",NA,"RAW4",NA
"2020-10_south-west_stereo-BRUVs","IO98","IO","MBH",-34.13368897,114.7313721,20201022,"8:13:00","South-west","No-take","C.IO.68",128,"Daphne","Yes","Yes","National Park Zone",NA,"RAW4","BU5.5"
"2020-10_south-west_stereo-BRUVs","IOC04","IO","Legacy",-34.08755,114.749265,20201022,"13:16:00","South-west","No-take","C.IO.12",109,"Rachel","Yes","Yes","National Park Zone",NA,"RAW4","CON3"
"2020-10_south-west_stereo-BRUVs","IOC05","IO","Legacy",-34.05394,114.899843,20201029,"10:46:00","South-west","No-take","C.IO.3",43.2,"Rachel","Yes","Yes","National Park Zone",NA,"RAW4","CON3"
"2020-10_south-west_stereo-BRUVs","IO215","IO","Legacy",-34.06868897,114.9263721,20201016,"12:34:00","South-west","No-take","C.IO.2",46.7,"Hayley","Yes","Yes","National Park Zone",NA,"RAW2","CON1"
"2020-10_south-west_stereo-BRUVs","IOCP11-1","IO","Legacy",-33.992845,114.696642,20201123,"12:39","South-west","Fished","C.IO.41",124,"Daphne","Yes","Yes","Special Purpose Zone (Mining Exclusion)",NA,"RAW5","BU5.5"
"2020-10_south-west_stereo-BRUVs","IOCP11-2","IO","Legacy",-33.974332,114.692773,20201123,"12:47","South-west","Fished","C.IO.41",124,"Daphne","Yes","Yes","Special Purpose Zone (Mining Exclusion)",NA,"RAW5","BU5.5"
"2020-10_south-west_stereo-BRUVs","IOCP2311","IO","Legacy",-34.01858,114.601465,20201123,"10:19","South-west","Fished","C.IO.46",142,"Daphne","Yes","Yes","Special Purpose Zone (Mining Exclusion)",NA,"RAW5","BU5.5"
"2020-10_south-west_stereo-BRUVs","IOREDO344","IO","Legacy",-34.0844,114.6744,20201123,"7:12","South-west","No-take","C.IO.14",138,"Daphne - finishes at 59:27","Yes","Yes","National Park Zone",NA,"RAW5","BU5.5"
